x1,x2,x3,x4,x5,x6,x7,x8,x9,x10,y
0.0067799618149856355,0.18287250615688933,0.64668508618811016,0.4826068148171575,0.31408445463047086,0.5796627927982384,0.12848695576656799,0.25969629876561684,0.31505604423026068,0.94375686344178633,0
0.90552461467209633,0.98597103482889714,0.64642391719472359,0.18738899905417972,0.35456962582064699,0.4096861180600555,0.17473503478527552,0.49315205526303985,0.70357951300579102,0.18527996957347592,1
0.98137366038043528,0.30676211407596488,0.87077234436944895,0.50277015180652873,0.76347369545987132,0.173801647276567,0.028460822467472946,0.43555119535720643,0.77795511943531115,0.62256693521151385,2
0.77848704254780188,0.92975534386890335,0.91298372380615878,0.81159995738750712,0.41126499723315679,0.85386552271685046,0.68115675434328427,0.8528230160848087,0.072492741002230021,0.35406192398096847,1
0.010353519534874511,0.24939889225093126,0.6548120152551814,0.28120828628059058,0.57101285635108168,0.65047664956498363,0.13161776091970501,0.78981447486936718,0.91609844436313292,0.56937460814340024,1
0.32211395821879873,0.10694238913110621,0.57939771952921737,0.59933549694142285,0.029391577853823958,0.097382949668193164,0.1395509613974184,0.39175245187113095,0.86723471723006418,0.79464772706595543,1
0.47351779588834064,0.67861759130367083,0.48949140911367706,0.98761319066269126,0.57884615888030544,0.91571596776874431,0.52602104310014763,0.64313723151904856,0.86952340971500364,0.55221661164910019,0
0.90239333132328114,0.21780259747093123,0.86908233975857252,0.11543276212557629,0.55208099970713465,0.49588104507697051,0.1347962158157624,0.76693881178629031,0.78506665691087207,0.26085533452897003,0
0.38511156139174108,0.22524956171226407,0.72698229286169247,0.35242112065767828,0.71622528364324733,0.34359087813140055,0.0087665951891803262,0.35480500977472273,0.049656901750074645,0.18925010288247657,1
0.43687530478407222,0.35649950409182163,0.78921260865239107,0.22227884286746979,0.39281979988667315,0.65687512231117784,0.30787226506969811,0.19695011753940039,0.7834090007955048,0.50119803418632702,2
0.54991796491851141,0.089481343542791691,0.93533021541586514,0.044759521246915734,0.85440728575889913,0.6633276679366118,0.17398565437178537,0.50876219044448234,0.39765377318640371,0.77240582196231822,0
0.67444240967992941,0.34441364401394847,0.92986548397998481,0.39041447610007196,0.50142429515994336,0.49539577921592404,0.78815680462440973,0.67414750653424138,0.35745209878154394,0.68546478745982142,3
0.89653033135690996,0.14494654604514157,0.66789709129536301,0.72928965919680921,0.33069308798921304,0.47380989714502275,0.64230858717330441,0.71493409649046691,0.42300960121609921,0.062305382263764475,1
0.20752997389708572,0.44997046230071758,0.55576897829264982,0.032853947038657849,0.24410182497242161,0.12809672720826282,0.049475042239838118,0.64238052015723013,0.13293379386414339,0.40042560737834998,5
0.032029412004732749,0.27025166499196018,0.17508901023371048,0.73368279682229498,0.16102610882453872,0.96886278518977653,0.65966368138102305,0.99882936697355784,0.95087534482754676,0.54925983717360316,1
0.24650083173529536,0.30035158299767695,0.58185944310571247,0.71630696895410473,0.67354798642012292,0.029105449482764612,0.042216429523955656,0.62993750393947334,0.69329885917100498,0.36380664793313955,0
0.43920985279284153,0.20360013935805055,0.29730613578892617,0.83059290170567246,0.58899989634982497,0.86360444105046752,0.081292865094084732,0.20895004744251799,0.96382263177660921,0.48176130509099546,1
0.82176070460721728,0.71782601566168835,0.90767369327620506,0.23886576967939188,0.19309739115906466,0.95697119781939521,0.54473344667096657,0.012068858118860937,0.6487836709623509,0.39830489947849601,1
0.35342070989880048,0.98818260822434179,0.70267364885958716,0.029754771419269743,0.78503213416016837,0.36536063253365425,0.37421307161477457,0.96162877244949407,0.19091833229930411,0.20771032648329102,0
0.056256281034528732,0.02114304224161756,0.42408002040858173,0.026801826295897113,0.15995440713134312,0.14431560954294109,0.89468950024947924,0.39242439340594659,0.94670642273535044,0.90735034028320938,4
0.75314966427401575,0.35559461498850964,0.26943283868455858,0.42615028781218256,0.81885958871876796,0.82502681587218851,0.35018644812389566,0.27361298124190581,0.80617738510967896,0.99883187754043745,0
0.82566490666108017,0.81396526018647142,0.44351119717649745,0.42373139365180457,0.89627977741889286,0.43836198783533697,0.15473020707655372,0.70425786357194486,0.19606089466290455,0.6435385129446225,4
0.089432537517130983,0.79228788617589907,0.29562897387110032,0.69245379586921063,0.47298910258250426,0.42746204192242865,0.81469494836916934,0.92884800796626477,0.53045752107587096,0.61104384763380404,3
0.028887926016355925,0.46491288115015683,0.26293827581271445,0.68594041284219442,0.085236648463657749,0.86171036877039153,0.5757710290388568,0.61072793210453458,0.87850928503825421,0.38418493808174559,1
0.72325105531504585,0.55299082475938233,0.81460261752338015,0.57296016564851349,0.56182978705792286,0.53648207817300453,0.81309965850152477,0.27774897535078047,0.85031347279796188,0.80694284739518107,0
0.58583118792426037,0.28063001219879191,0.80685416437701674,0.54366897721335139,0.44863051399578957,0.49148444194283869,0.18932863302125191,0.29526233250582046,0.28924353397594338,0.24300678888489724,1
0.45592800902973751,0.16306495314647429,0.51130888435205235,0.56755485309900477,0.56088468880597087,0.54840813909926966,0.88448919487721589,0.91010946327505504,0.10793800060959036,0.87237829891928265,1
0.20830691099850041,0.17189950586923919,0.70861336103563421,0.20709407961536008,0.70999145815821341,0.81586928984066931,0.69594808361269722,0.64515238866636637,0.11890096511018444,0.45914537556829127,0
0.55245459896746774,0.67157484268105871,0.52935344675449614,0.39942335794530803,0.54901127669954919,0.038867631820261095,0.77587970470666323,0.87620448483708691,0.64937104361971065,0.51522935259970515,0
0.18263026804305915,0.90550123183640319,0.93116946697552327,0.013702732186500088,0.67333901714140332,0.10526969758478488,0.59581361686746914,0.5432841323112545,0.55102675699050996,0.48745857485191513,2
0.49789856066415106,0.48574225734743026,0.48418869294650435,0.10393488975351728,0.31000984625962935,0.48971988924001475,0.47742698956599283,0.12853471078560197,0.55779635141730022,0.30142611908861472,2
0.1439046105972035,0.94736479200970969,0.67891015160814105,0.39049359610585022,0.31927682414885272,0.34847091483784676,0.41948898103507282,0.62415505938081528,0.38518764899860924,0.52299065849293913,1
0.80389351992813796,0.47459050152291316,0.70483247753687894,0.068744178964124658,0.10772131152222986,0.88900048682221844,0.41943003878593066,0.56708122581003428,0.45191473588535613,0.80958882258159692,1
0.68064748519820883,0.4750853209051551,0.81985721378353094,0.89753980829742819,0.74013976801366077,0.29551811313185439,0.5662663513871129,0.083070501993138368,0.65465611985691163,0.096896900578886003,2
0.23102079106668683,0.4714043136991406,0.32841937568019586,0.86195921964027178,0.81925039781813347,0.11078173824967597,0.91525288093120571,0.41993900374146376,0.89171481530477925,0.19151109702755376,1
0.8322046328633258,0.61434601216201412,0.49258124371451373,0.28403315737455093,0.11838005569187415,0.920064050841228,0.62967736204535996,0.44971606704488076,0.35487064794294954,0.12910587845826249,1
0.26719798807517425,0.07051686505580923,0.75778379146285058,0.65569326720778409,0.70408814040349299,0.18222300737111063,0.32271849320468449,0.83700840127930121,0.36887818624139823,0.15038150396376593,2
0.70830399735056238,0.15993418856029917,0.68773706972516779,0.20730317655216635,0.79142680185769843,0.54999028541361361,0.63098416573194371,0.237013239303003,0.78661910501981192,0.54849303958670359,1
0.57571198414544023,0.47034628836321346,0.73518506989836141,0.87779768196917651,0.90330478294291583,0.60206721618959391,0.015560087262346811,0.62099079632043908,0.32702957648124187,0.71926642402055008,1
0.45050219860593443,0.67038926564896639,0.55165597060548133,0.40292638506796552,0.93971582078461535,0.19919639908765907,0.29022613346098669,0.19083946578146949,0.2273201182085185,0.46746064372180096,0
0.70306880558433404,0.69127541369015733,0.18293039223934049,0.042202946523354989,0.20706322047308912,0.60194295120767549,0.77252768434275265,0.18793465906933415,0.11203717843512484,0.65478908917889456,0
0.84931600980380584,0.65479571475785558,0.7123649229876875,0.81176882988037125,0.057410537232370218,0.48324090424684341,0.8399152668667057,0.80739165116433209,0.48561423836696005,0.57465415332134029,2
0.72907412284101292,0.95792784877530102,0.73198314326753533,0.42270635120940769,0.16127328498613847,0.12495264240637227,0.48460227892380092,0.35049401280997994,0.8843409433038526,0.6443460751833453,1
0.88515544642015032,0.86328276793091718,0.52876168773779197,0.59121396305312557,0.72834415985364886,0.42030469855152952,0.15417570506770772,0.083211870917280883,0.37451691952949417,0.12957297193620532,1
0.98920806437124931,0.046679242487103978,0.31354795578283412,0.70242914216446151,0.21972303973985663,0.070781353675630321,0.52973049694842245,0.77007732643821936,0.41528453163984769,0.78261618283617707,2
0.2194611161328005,0.95743972170583991,0.51187733181666817,0.32774555838083608,0.66949288809250895,0.51710346327274603,0.47987243002334956,0.45241438892465646,0.78663777373343713,0.30506363101860601,0
0.29691394636876933,0.23170065584878863,0.067150688470565711,0.13786330572668481,0.23588488510959071,0.94020876152067656,0.46999696706063732,0.073928714375658511,0.27726544021749677,0.91608715717668399,1
0.75800403406264072,0.14761790538552244,0.29164693281463783,0.59296257199615809,0.81308952840086979,0.83265438412898463,0.70865190450448023,0.13744206622129296,0.062501268675860144,0.8011967396602091,2
0.32337330026528399,0.40573031516756308,0.67834592757048895,0.21459835556560791,0.24648851625909773,0.83034481427790729,0.29744641291246998,0.77757839759281799,0.52503463782195892,0.5476583721196312,0
0.79616090646039628,0.77422875178866901,0.73319178615976566,0.3059370741482933,0.78090772672844999,0.76316510230784784,0.80534459585612017,0.028407883930763655,0.25401005432504375,0.62049580449531772,2
0.49163285313235816,0.082086375505003417,0.0044794509190383414,0.6878527218659094,0.0011480536755529291,0.9246105003670041,0.95776982599237648,0.24858939388210832,0.18804814536587955,0.85013783107861929,0
0.19955693870950397,0.2975749521244142,0.27730604925235036,0.85993121004423856,0.32736817979739508,0.67446315504947052,0.44338719578032337,0.576572969221127,0.51176302944248198,0.84146324751970869,4
0.86058986063587994,0.88407588534253911,0.038137252042010461,0.25643118409001309,0.68296358066252505,0.15514995363690154,0.13182098809127762,0.51700487648783844,0.088931051512086468,0.65315229624620408,2
0.050766146578575588,0.29669590743881591,0.4442947502608503,0.46618958961275125,0.86976383419120606,0.79042213025863828,0.37512496643664583,0.91389148648022056,0.24098997715923698,0.82624839595897848,1
0.86772408839418402,0.26992532128402213,0.21704108506431563,0.83592056539563464,0.39358464538825122,0.78134223330200747,0.18672461554488262,0.627322603922566,0.55990577640533001,0.9647917070260984,0
0.0039803024089599681,0.48658904854728224,0.55626794462789741,0.082221639132017965,0.20644767503068173,0.01718930076524372,0.71431155754600406,0.62938711004736592,0.096939386252262949,0.18032178602433102,3
0.41955958770168356,0.72404412757549819,0.027104906053506461,0.36723757373468624,0.78479973256218671,0.77240542628999931,0.88023932336258714,0.83237591071526662,0.9699866348492262,0.66266537676457671,0
0.46514395289745492,0.45883138774713594,0.75482180786156805,0.91672546711136271,0.23287899769971387,0.46751201178549973,0.56618662425656241,0.77556774009202523,0.81791105014376353,0.071891335465121831,1
0.72417446409875363,0.41384532881568326,0.4904384678500604,0.56327827542389175,0.82736478648632827,0.80659434503541139,0.76039701467717358,0.66689859276073371,0.098677694218296308,0.16577357847776619,1
0.80916036373359335,0.93814531557933234,0.77717717573882694,0.95602838153412395,0.52735851125929445,0.042809566674029798,0.30324505615949304,0.31518965141013078,0.97999542747511892,0.12323906186593547,1
0.59682651794687491,0.3481983588959674,0.3442635083004405,0.72615755772169266,0.21360092075373072,0.90768383001225261,0.54649341573612342,0.2172165229095544,0.2329777642805394,0.70934657476662644,1
0.34528394640842652,0.24105856436757012,0.0096013214002355074,0.3197491922296638,0.89481992144643785,0.4584470953235561,0.38851184520492388,0.66353072921147249,0.57267167789961659,0.95093184233981753,0
0.79404570597546409,0.04736876314934968,0.073584858355033256,0.48099280443657544,0.5031156713947752,0.31929008946216531,0.073820141104229187,0.86628155091415582,0.046297342868531044,0.12767098572727387,4
0.40192198882375607,0.18442599040200602,0.33668664169005458,0.90421876695871672,0.47320219803875163,0.12841902102626623,0.35300938675727511,0.71573670924311728,0.99005986780238908,0.19079414481292889,1
0.18283280435464644,0.73367002122514691,0.27213398997170102,0.57003734327954447,0.077184385336453776,0.37229598831029465,0.27003901673408515,0.94048842430654511,0.54231519074597523,0.8846317265051824,2
0.36782356080277301,0.47232390605584296,0.63342916581109132,0.59252545904929721,0.29997121516544056,0.97502283136263934,0.49636747616101973,0.77527052411345687,0.44303244962929988,0.46057244999949543,0
0.023652517783961158,0.13154553470179864,0.12392563887763319,0.88304095287961482,0.27202435626583032,0.94841527696157968,0.56225774095822012,0.75759075305452783,0.57722981393399941,0.9259016514566869,2
0.39154858882799137,0.77145903455780906,0.81866792119169651,0.58989035124763234,0.17641275415684954,0.76791380568066847,0.83131665245324404,0.39460805745432115,0.69581245934589298,0.85775799097826189,0
0.45915252261148609,0.14274366862256116,0.89132945094283056,0.77565556163644178,0.51066903412319709,0.88687685992967169,0.81633398157395654,0.82732578000163015,0.93909409393646393,0.30699238788631433,1
0.47639141859237022,0.89427696603642037,0.22188275603626084,0.48151260913089222,0.43487045573776117,0.78879799204136736,0.99058054635250048,0.16629509227539041,0.32391138513956474,0.70377418087368393,4
0.037490080929948544,0.4651374950420798,0.81283826914021684,0.11793710552138148,0.65776822478165653,0.83377985974259261,0.56587091717600591,0.251731764141642,0.79484138187316755,0.42254059195197569,1
0.15938779364659894,0.17717429775803351,0.81425132946487766,0.83100001192817796,0.28449218639448215,0.6729630234723124,0.49716748364764751,0.38632535999025508,0.30007100373133433,0.088776638918609208,1
0.38657208417912636,0.38048441160620317,0.44123027916098989,0.83802563309353373,0.63232847907778766,0.48639757022421681,0.27075891232885418,0.40644700335965833,0.61928906544185658,0.89259557475379925,0
0.54095344176922089,0.48499127560871147,0.18630091219156952,0.038460535807596896,0.31111859842102607,0.097418275407305743,0.82499777652731476,0.10941028035951583,0.56285614500151426,0.014671581304364523,4
0.59471560295433312,0.56111373509166595,0.87561340156048062,0.22125784868489429,0.81821795856338342,0.29385609696021986,0.32531797630864212,0.39728747716717161,0.44091856011660413,0.0076310234571681512,3
0.39475159064080656,0.28423979765904028,0.40230639730309525,0.73311405480829317,0.43590801002694135,0.58059931089437289,0.76896667751102366,0.12426025866189139,0.84748163308162028,0.34146939864288117,1
0.24921540218396032,0.4930091585206553,0.45324842770447105,0.80056665340979483,0.046911678882499253,0.68501769390635603,0.20223733995421389,0.55498117742460684,0.024127114678535455,0.3542097915118676,0
0.2045220997672379,0.50550846732670496,0.60718246574174195,0.55246444579735532,0.32222905051073769,0.23933842130736471,0.85980286032245468,0.18483321214007131,0.071432893875468695,0.49195974332968684,0
0.67580068300659268,0.0034301713453196436,0.60765544198681509,0.71688368748005926,0.35884942079606019,0.4861191522425391,0.17344248060837009,0.87120958914150692,0.16944145231087149,0.85019382431206869,3
0.32003365122017946,0.86912524184967199,0.2416118198366769,0.71147590581631603,0.26894515330298474,0.66515471674485305,0.01751890462997463,0.69429615884406626,0.6062701865847232,0.12164792114772494,3
0.139537877046919,0.78843087751888796,0.38442173422367321,0.88859931499174283,0.36839576508818805,0.32003085332826742,0.62316566985823196,0.99982617571006505,0.29182408327312814,0.63654252261900113,6
0.48692230938270054,0.93441401341113473,0.26986240798069505,0.92747635107350546,0.7160329272475906,0.08310256148908024,0.77463517498767975,0.81102260877489407,0.46328796935410832,0.54098599295484173,0
0.92101209312528109,0.40306623066054847,0.040950690391386213,0.4079432785871745,0.92938743739597784,0.74633674370347636,0.41507061502885911,0.34124894817287876,0.10307916217023838,0.365021897261955,1
0.52300285719055184,0.21909635384970072,0.84946979760395613,0.052893469235107626,0.94848288997237395,0.75959678817148335,0.031577672698324122,0.55627111514287209,0.87470169590213909,0.6352606820581741,1
0.37136739279958242,0.73380169898103131,0.059587080758137123,0.37501575174238688,0.94807337249621892,0.4913621529819312,0.67860093264282628,0.26215930023933498,0.19761388138577674,0.13116344323147722,1
0.51445690815246869,0.68224487497919339,0.63101563082480872,0.82020071749593992,0.16167911443196403,0.22994754873199497,0.027331786043809037,0.070393075545961747,0.23620952700539144,0.02343245460123522,0
0.93583680421070881,0.27595288588419153,0.49825070970613072,0.52635574245012218,0.61143565459214266,0.5135932912354817,0.4545145352351605,0.16146812929962184,0.90966390741786152,0.046896867342223869,2
0.81077602381933211,0.24074493570511402,0.070329638679092144,0.013110457785245999,0.62553663726133668,0.25558302023287494,0.88744547042507516,0.18150860181500805,0.8731420396993671,0.35834179488203044,5
0.49724614332208195,0.039569791927091869,0.64367890171498232,0.85261527677591775,0.20561853992270041,0.77705442094298816,0.36770095426860805,0.46189197593178632,0.51101622729645735,0.29554691482340412,0
0.16878975164386856,0.2849736518457755,0.54157079433968236,0.5901798866707052,0.75321167581959225,0.5095202710352742,0.027349328942656181,0.23740005980842716,0.9702667584209097,0.96709661249206935,1
0.96732414578374126,0.88596784637547465,0.60824435356609463,0.25702403611446134,0.32670800937318034,0.87894514951427116,0.20762728111569184,0.49539749067186245,0.64320152070738035,0.37202373435110014,1
0.058711954655353282,0.2273392072162711,0.59901779039909253,0.79966397722830362,0.81681199449934871,0.42213980056287204,0.67459523348734884,0.88871527829540231,0.67638814787919288,0.12348381725610613,1
0.07196244326935719,0.2458713898432161,0.91681459115190111,0.60089975831601394,0.024802396502004109,0.49131012669309337,0.48658683033938144,0.97589543611723784,0.28015045390551863,0.084979663716936882,1
0.515195698725738,0.22019068155996424,0.51986402855147262,0.47432364768607127,0.030092292610911731,0.64090084403224201,0.85700911624318188,0.34139001572868455,0.027530739277469629,0.87922424318181569,0
0.82117003978093939,0.36774882479798032,0.78844724488817652,0.076802749235034939,0.027921018540870257,0.24949489945843917,0.53543031653043893,0.69970465516250391,0.14951812228428374,0.86326392238971617,5
0.22884986704110821,0.043910460139316987,0.0099812055520820397,0.14334519940197998,0.95261518181073646,0.098005071920937992,0.8601739080687163,0.18033442164775682,0.86488460881983475,0.75873619521952473,5
0.85072099860054484,0.46546062546257627,0.94576135630614255,0.92157800223755748,0.26612649456074366,0.57904238383138984,0.62546859261341026,0.55868271895798516,0.62515967498357783,0.64040957572498669,1
0.89450250456142222,0.65829208337472433,0.66456123403372802,0.53712853603947031,0.88639511607314536,0.29412065141545329,0.22597638812707044,0.60451670805856028,0.094304550405395315,0.90021813472845069,2
0.064563604836960442,0.038397066422541704,0.37305979311880166,0.42653587444303143,0.45018324109822316,0.82596178759428418,0.036632129079107734,0.040895777032968983,0.70954381790412513,0.61154043217369869,2
0.95603435455132535,0.035287218889098915,0.018085321319775471,0.65926491320457747,0.10420805606160599,0.27762463390719772,0.56697127769950029,0.099562604016760869,0.84109558595882761,0.68732175665241024,6
0.50515969208235012,0.52771027803120718,0.69885565890893642,0.30927808581602501,0.45531842203983441,0.34151975452662608,0.62080697221281589,0.64576338423735913,0.34427677765426823,0.72816018081648171,1
0.17315542820797147,0.94850638052977554,0.033824613185149621,0.46742039780957922,0.064066962865016452,0.49412508046902848,0.5913896484676473,0.70538585036339296,0.69854651180836846,0.6990272734479267,3
0.39791604798508295,0.86177440324652799,0.5740991493115456,0.029449916950919364,0.77238837340992894,0.62311935111487116,0.93015620014218148,0.14172788117858182,0.40454389636296217,0.87607106961559378,0
0.24580620375641493,0.55808014469108791,0.66790017457800388,0.40906239978917891,0.81408734386234205,0.38201246199752514,0.94463101640803393,0.63229053915787603,0.051153052292103873,0.36063318618902418,0
0.72057526026762164,0.086638566973454734,0.72851984422514859,0.76890725104731805,0.28258385642991068,0.16461492723102356,0.32880546813262479,0.4910515827605878,0.62730470670602856,0.96111078916679404,0
0.30259581821085779,0.25232402177938817,0.38769703206914363,0.98843718544901182,0.47619912367065398,0.54299104263015829,0.12178586236906985,0.34131777046639789,0.58189263032762584,0.74326996673628909,1
0.7966113100651192,0.11226583250306976,0.3941324509288584,0.49930577958294897,0.019785011230707195,0.94724781375843181,0.52724510566904659,0.43331726061282205,0.99997645933953971,0.58358153470393936,0
0.32051298555531871,0.068588875944970429,0.35262716995963161,0.53440499515421891,0.055932000673366566,0.4302956921468416,0.12995659487130229,0.69701546020125993,0.18511642452173682,0.53657885840596242,5
0.5316001910340975,0.51966209871732028,0.34088272781921192,0.66194983416371744,0.21468466508913386,0.3357555925247564,0.37233231991801641,0.99264371194961909,0.46486206337585456,0.29270963471654354,1
0.53006732317814542,0.02498531056376796,0.23201592423662942,0.24041223901760278,0.69436601135403919,0.1493451850806734,0.63056966617971189,0.59589763924257699,0.58445251072282367,0.80625586729883547,0
0.059468021092782042,0.63041091901308266,0.51332540684746863,0.41014215296109258,0.18727627350887477,0.42158057235414426,0.90559691813539056,0.35318132355477005,0.62756364705822998,0.55156810985974558,0
0.46119359948905692,0.74064601768819482,0.56131440695974111,0.96206056985860322,0.20314545428903352,0.63154370997108722,0.11726320642289501,0.57390075243013527,0.016229700760672872,0.46344066413140872,0
0.94903510219178577,0.37190644798109218,0.54198651056583846,0.66451438413439212,0.29097481481532972,0.2728398309636797,0.48539138405286064,0.44692043196081055,0.71440418034247533,0.10678294933058297,1
0.94733951962277463,0.62171203323458268,0.40176774073346611,0.63696369954659393,0.18807132472641874,0.37834913068231446,0.4002720820827993,0.51058621786778036,0.18650053439764624,0.10706421626579343,2
0.66204416063540594,0.40546427929783635,0.82524332111306642,0.58819533759946818,0.15491369677556222,0.65015519767300456,0.81736154237432157,0.8460873223415325,0.11891408756726551,0.99340406751351595,2
0.74695676434818847,0.1241379879348532,0.33746607848608356,0.23022044364736505,0.59646643094219254,0.74893899578974532,0.27743876188014049,0.46565924351031351,0.1538880679162502,0.22358226812972526,1
0.88581678764496763,0.78363700453927254,0.49560631213906681,0.1143240142621661,0.71122812315661055,0.33397375565937648,0.26472117423954789,0.78989797819973595,0.63514396491899916,0.30858840434349499,3
0.46284593205064917,0.44724678727694567,0.77658988348053892,0.13267666692812508,0.74088190479961968,0.17893031355657729,0.28498508277305845,0.67631171814844115,0.58918353974691573,0.58838520428909835,2
0.76436444882104249,0.50806333612578947,0.60750399350542517,0.12040224687437628,0.86233255613585602,0.54477246927149858,0.5840784625154225,0.64812429311104658,0.61016647780585298,0.32703139596797104,0
0.25632945926689943,0.74092214112546928,0.54274578902020332,0.12361801192504385,0.96622706969560301,0.46254806648192104,0.87883529902406343,0.078902754413737952,0.089231752930824082,0.61517046890575022,1
0.46770185003207376,0.90379189268220539,0.8136819714966711,0.44103330768460369,0.26278349445030391,0.059607302430749631,0.57421080189051643,0.90867750081634557,0.93887172786493389,0.29257295086441204,0
0.86518622772917042,0.18318241729862328,0.78797788959311676,0.39181553178608952,0.40329876178293422,0.63884205596300514,0.6960971594898151,0.24108129842467863,0.73897344805533893,0.42766539656336777,0
0.83336732596097485,0.054688963734069174,0.93683913767608884,0.45194074679828555,0.06696923586441994,0.92543245990837164,0.01315390367028324,0.79693940660336682,0.18560349502464901,0.78861627498940978,2
0.33676379325071681,0.30474038102682444,0.03213432822521467,0.75976677499783951,0.87324312385298331,0.9913035397890464,0.076489300247126191,0.37276977498420438,0.55393209531004284,0.85230380501447123,1
0.72826869311419362,0.87291485286523063,0.031121625881457504,0.56262225745800098,0.34362377922607856,0.70437593365374429,0.69832278996051456,0.30060809058131865,0.98551759865478417,0.74202742801881127,4
0.78557636810743892,0.17940590798507183,0.25557257786495646,0.67713962533967886,0.39171332871637687,0.3978570897294319,0.065567199651640484,0.8373604942834515,0.12334448122228769,0.78310636880570561,3
0.86081906168818489,0.28860973264303436,0.65285226069061497,0.97310955110882658,0.48307305456008853,0.21935093663946581,0.75628378193732904,0.073159186968610457,0.51977331996675713,0.35575670489207423,3
0.20781628628858839,0.75155522046144319,0.12984356803798081,0.34634652293046109,0.045166391374066972,0.18250543741740721,0.39116915940907337,0.025554291369459081,0.064311470898045009,0.11254735370016122,5
0.34766148509274442,0.36974247994158593,0.84839846482791959,0.047715906159715105,0.45889324792190289,0.049167208938913243,0.19574715595254299,0.12122293825887021,0.077378237665260308,0.31575611051739172,3
0.4761365557075552,0.28210598036393197,0.65492373547460592,0.43155818401405099,0.22323020618377731,0.16516239046656522,0.6166714564157505,0.76019299687822872,0.14529703761607693,0.99755906659099502,1
0.79901978596184664,0.19889329793260302,0.61117072452607513,0.48672074711489588,0.070981133014236697,0.7403328907701261,0.15806668635148524,0.025208245826699671,0.49257770415139668,0.3200201927455264,4
0.37981721928596934,0.78751943831428461,0.24401070415797788,0.75992474615903349,0.12075872140657717,0.91751403874386217,0.50132833176540448,0.42225242540470709,0.94101708194459455,0.58737806704917916,3
0.32857045777504801,0.60820143510535951,0.20723427482237367,0.020045903439637969,0.81672849724700181,0.33833784675426526,0.42942964711435083,0.61885805680857864,0.47332902694296752,0.17312502715666711,0
0.22156098087147724,0.81824784483354041,0.60595411909589836,0.9697507965385419,0.84365180363913039,0.79889992576660063,0.22161576588050347,0.71332187906171907,0.23149640986186393,0.47370686462131617,1
0.52236976491549059,0.79689870443472199,0.17711889403296777,0.89730496257623082,0.88205614817830846,0.35017296948997856,0.42222722271685442,0.73799733338201556,0.33151299595442252,0.93112259296127353,2
0.97455907613692205,0.36476420093721595,0.072463580162258512,0.42044318468389485,0.4850401092903257,0.25013534094221856,0.63519697188234781,0.61340314313541555,0.57496849180793141,0.97305334232061436,4
0.87788586860835061,0.55830984858686306,0.1514467339427229,0.45481056892406413,0.92226483356524813,0.13045921390502691,0.63670970967160567,0.79659311314376413,0.59703691609934484,0.46662930000868275,0
0.17417220016707424,0.85178869413431935,0.37968993461960154,0.60228188733592236,0.9309491851371916,0.27647684921125759,0.56267963093059126,0.31302102092555251,0.26573352005239348,0.15214623073780309,5
0.26509514384337241,0.99753273775936302,0.49022804626344618,0.79888887327714686,0.12034161835612001,0.36502613656838578,0.73730586450582103,0.11976885234168833,0.65824259794234652,0.68055330900294142,7
0.89301192419871378,0.13282420149596597,0.90283195507599134,0.28316886687612952,0.18861632575925014,0.5912330525623184,0.93141028104170021,0.59263540122954883,0.081134331727380715,0.87001001351844331,0
0.024086546727295599,0.088948910072292664,0.8275227016722797,0.9529581240338203,0.16117124449644349,0.63390253585551182,0.072656044651911444,0.39780365558510988,0.22241740931708864,0.86611416945976372,0
0.64321072804826229,0.61720261488715855,0.74676210021591416,0.95630224307635625,0.63157198822660365,0.30923131840910079,0.86763073826673087,0.34153342444818457,0.099017988236990706,0.97253887300255515,1
0.23934621396163946,0.44670348371034918,0.47683372805377411,0.47925712441123269,0.90515529430666086,0.30973684041772731,0.77919895198895017,0.055894452430631403,0.18100823668278132,0.77003841265984119,4
0.057451275536284374,0.078041923002182045,0.088038311941027847,0.32092771879137616,0.12719564392639982,0.6156570199747522,0.63457325787670915,0.053369789263274181,0.08109614368877005,0.95629454020464677,7
0.76004721713250822,0.23368752419383776,0.64946566733630862,0.58168214317035916,0.23042650593098923,0.35705387626288121,0.83740471611172662,0.057742103861408434,0.46005553477274996,0.56796933500388203,1
0.77376785599066167,0.047148532105711127,0.48251980597475352,0.041397353363329947,0.79421567717748676,0.42884921662523745,0.53314135758779935,0.00061730834760720388,0.57236117223641547,0.4649570636987117,0
0.78957306888747114,0.84574467980185986,0.38508348416810956,0.20054320641444889,0.62358582527603013,0.7742606478418913,0.13708938486928368,0.97207116887414247,0.22689316347691968,0.16735681190350893,0
0.37192650978367314,0.78835909075114907,0.79609721564146751,0.99543561561963811,0.22870090007923027,0.70300448378133884,0.60850868437902483,0.56659759578333779,0.76412698252605937,0.63505833900929176,0
0.78215239816432036,0.67875618336409271,0.064671120427670536,0.43696179492564957,0.99140980838885417,0.21367451416366667,0.50778959319733041,0.19323439346979487,0.079514146832280641,0.1254139147852259,2
0.89135518056030349,0.3233408600419504,0.33082814732659471,0.7027435898144011,0.7733809186687175,0.71364135911618409,0.82978406310580344,0.14300881200182491,0.80402354666743192,0.057135567298287726,2
0.58632603815093043,0.56816326452866073,0.27400319308892285,0.47425082517545591,0.73069569015812308,0.067658062868675706,0.53726202377487231,0.64206826764661218,0.15068333721788085,0.03883771613655318,2
0.41071228825433836,0.72146148212817651,0.072950545178772086,0.8062876898569673,0.24768983295906888,0.2909691312743965,0.10139908877157622,0.10100232030870271,0.59827237875496664,0.50117425992280684,1
0.55786396991238785,0.86900566119120126,0.78355175356901952,0.68718840003168247,0.72797756984992301,0.35544077487625603,0.093760437087744952,0.19440243532487633,0.12607602663255812,0.87276647242042049,2
0.17494617481980679,0.47753958646284655,0.86420290860072624,0.99918403703808034,0.8353141099696727,0.14670641329528877,0.67342078314529874,0.3808100772783698,0.85991259283217647,0.6887922269192539,3
0.39423946878760796,0.82933586921265068,0.31335844307875149,0.69825080767494929,0.075341625377584709,0.29038485380495127,0.30941488938358974,0.69673041655044476,0.87597474422230825,0.83645511154162466,1
0.022646284316328757,0.76709277598127135,0.70703219898502268,0.70662043662911145,0.057985046362343695,0.14815309840161928,0.35953822433683391,0.15935120073422926,0.69357127236788119,0.8788082799705873,3
0.93474577967511763,0.022684128448839491,0.69798434765559814,0.65428157360295369,0.31972896277521845,0.018600506613621781,0.13329786172634628,0.66992178780477518,0.022912467542765436,0.56063524344941873,1
0.7307975816240907,0.73430500150690636,0.02142367948933277,0.32659006579615457,0.13359907979408026,0.099588153145153679,0.44527004234657952,0.34370236557172951,0.92621265029297573,0.03146186404284057,1
0.15475460067782554,0.39184684725993302,0.98319942686173012,0.62754903621507607,0.76546182960517106,0.33615893065746338,0.40022634671899893,0.77161460899866796,0.61202762933764088,0.36929225225251694,3
0.11760609788987852,0.13974006412821571,0.362976372411137,0.73341391704213654,0.1003870672455075,0.17467797787802675,0.20496944194578737,0.30997421607385955,0.24074858819549094,0.76671614271717892,0
0.64719498977948364,0.31187852311842801,0.43181400644248991,0.73543308966750076,0.57383101299350514,0.59650816607601398,0.54582717207447007,0.74616578487131613,0.96091970708969376,0.34688469062568938,1
0.64558902681951469,0.7720796983956747,0.70695187783356805,0.65487256360767998,0.33880807272704971,0.9978903297446825,0.66833873405419675,0.92236223860391076,0.60636187911101513,0.15554029601841157,3
0.74894764768677125,0.45688673720439488,0.81481702235424891,0.72645613117323959,0.22633245382743961,0.92735378455406992,0.98439038543756829,0.46833620628172656,0.13951849526072868,0.59722831657276299,3
0.4336367598247608,0.94492398744354467,0.17738334538831801,0.50245470725940178,0.14726447794464781,0.81922847949801703,0.77842083510694282,0.93527496698450008,0.094876322011810288,0.7549776578633064,0
0.49152191007481383,0.61446453886784547,0.88270818472471124,0.35755040966677076,0.28820797279448485,0.88773012594787648,0.32761174322823028,0.42284880039806516,0.38906585652134584,0.54552685528956668,1
0.29746855059207866,0.76160727574188702,0.73326035127518929,0.96470240188324852,0.30982740549443266,0.12119215826026652,0.15827765252990189,0.19227996710417472,0.43380831486370452,0.94686757533826305,0
0.23283822117335085,0.20231599540522205,0.98934431667566702,0.93058007289001932,0.57523105793627138,0.81208592885702702,0.84454695510463917,0.92378540451897828,0.20076898084491501,0.580369097764738,1
0.66241089840161704,0.51214062507015889,0.28176214332024818,0.35367671826044489,0.21251645754979065,0.16869945342605541,0.72459887160351144,0.65636896959821434,0.99759495253861552,0.59806291284694113,4
0.054545361643902557,0.30901730839472119,0.35006168504262025,0.60171144502622553,0.50072539926817705,0.4200241771257599,0.13313770359637267,0.8364195878518329,0.44486769013277849,0.55121823098160116,3
0.061063659737268683,0.67142298904568032,0.24620141125069495,0.32891483919303843,0.77220476435759733,0.75775744111858379,0.27122197784802249,0.16554294991135476,0.69775722412669927,0.0016701707487539741,0
0.84852525234079013,0.75708911869724038,0.49676430475739353,0.88070561549845894,0.10745089818144826,0.89552754709550797,0.91870136087336285,0.10992024212394269,0.054720120619141221,0.081503414817028497,1
0.18870313413670114,0.41716918181297669,0.47600271447483666,0.10110357218344379,0.99251682246301665,0.10053054142432494,0.45631205203420933,0.30794318936475007,0.61372246158260169,0.26276505877576894,0
0.38762939105710803,0.82602801852695873,0.68598445887918647,0.21634948718965152,0.34889587783488352,0.65622697259922902,0.73348934399128252,0.70140663587959939,0.12658641438621343,0.66658252694511533,3
0.25908131745734453,0.68537918652164098,0.83378804991065625,0.79459971472854629,0.99668463329788004,0.15875821178267391,0.53204961853095956,0.90837648534886872,0.49819951334630819,0.89505453294884363,4
0.034015119458115306,0.36524061458273982,0.80780942606829231,0.86387736512791446,0.10449627745416445,0.53730172896546602,0.05593138338045256,0.56649876095791363,0.67688666983639922,0.58909325044282246,0
0.078094078410317236,0.87489613990934811,0.49908716138690745,0.41250921420829456,0.38709636494171007,0.44069762112496336,0.86028086739091569,0.58351574028549102,0.63033339824371637,0.075958622343477944,2
0.56730758995793662,0.63469221070258885,0.60104452931186148,0.62887998227036324,0.56075702462109267,0.31144057518310009,0.57626360708011515,0.070768874596135456,0.5942908452812079,0.94064612401952619,0
0.7945464039181942,0.078223688218272192,0.57480983247174189,0.60465426820502488,0.23372154215542806,0.53812407443276244,0.686932815997639,0.58114309765274708,0.052220250249016886,0.4513722657137933,2
0.827626495394162,0.33067435894166441,0.2748881265104306,0.7128313679031163,0.29104097997991685,0.043713444828899606,0.17413571138884509,0.066149629426059398,0.36401392803581434,0.98054043933683332,3
0.25730612987677504,0.81900580408758517,0.76507860408339368,0.2243137036965358,0.074138307370439915,0.93552235415613916,0.3914055343858992,0.36561456525244507,0.35198073985339684,0.87959988386202681,1
0.57726553343020925,0.23524945879149406,0.075832982206443855,0.25100613893207513,0.69998196931536327,0.032076514983607529,0.55551950586124987,0.87613249526116688,0.070865706214625512,0.92636695596004837,1
0.36884945155144377,0.25471669760889859,0.59850970365159883,0.56238715430248076,0.15227350048029809,0.8513126782633339,0.84085081849010912,0.67545918403299143,0.29888458175464583,0.70611319252122573,1
0.73418680995245456,0.096905894792648994,0.53206157169166213,0.28449760015715597,0.82455359099439418,0.5023743891192578,0.23079265416540706,0.34261518022327708,0.24408454150492209,0.40603249006953535,4
0.60141976424774457,0.48342472649912327,0.4837818104298377,0.23587218636460772,0.53335729577667446,0.77164776189381135,0.19254946425953179,0.53073909691140597,0.58358088551915421,0.92745961554368672,1
0.80579799986288947,0.2197124011578061,0.44117640960900628,0.30980484575669176,0.21929675992782682,0.19064623178125206,0.013773965641615482,0.27388384126682153,0.36622440446946802,0.31083503776463528,0
0.4786283751631023,0.86121831366847024,0.51594562100767172,0.4092754446600948,0.83069849414656749,0.20193555159622911,0.92913549449987953,0.36180042080708608,0.6967336266284736,0.6534225372892053,0
0.87944986966982752,0.49808665511895234,0.9732671686183183,0.54967921868965741,0.28453614192826171,0.24579403547898893,0.10406712015467312,0.6674551226867943,0.96271918008756197,0.89814780696578944,1
0.8954612149792528,0.94342399599363524,0.59503575045314316,0.29613905326205547,0.83929956034167019,0.15662099032118115,0.98034997879078101,0.20341188526664677,0.16386980794872286,0.52392046551548843,1
0.46812814638072198,0.97357509592533198,0.11366017665417094,0.9632481564355827,0.83857197793772886,0.1303487544302625,0.73664927881582443,0.26979369123976904,0.77261095059306117,0.90172489957416513,2
0.77975732344916915,0.30868017607394116,0.82555404326303339,0.19507830635585177,0.10021830533946363,0.97024994515166652,0.35239064472896953,0.25259757192919396,0.049049246702876248,0.91012920083888449,2
0.9750615915384574,0.15177760990631095,0.089360488321408083,0.71436315063113931,0.97277774354216739,0.16146971104969798,0.87245972902040581,0.2089887286857306,0.54345246735078168,0.0018131369324437818,2
0.72901143878813868,0.039198198031726528,0.75412577392097235,0.81570914149959561,0.90365822243193361,0.94686725672175831,0.28443138860112471,0.7380876780906761,0.76024711023000746,0.97771607197707022,0
0.72518891775880368,0.80540723420644644,0.43116089685551418,0.74294970620332068,0.027430190250341213,0.28036910032663531,0.45015555847589417,0.97694259082381141,0.47211130380530475,0.28888869169633213,1
0.46238704332867042,0.42801393016064659,0.91280158699268787,0.96418209609020855,0.28726118204766116,0.3720989914966758,0.69545067952595141,0.86656374925199986,0.20585237952612323,0.12415668773327027,2
0.51567678887116009,0.29947135540051339,0.84694865903145611,0.58302346477179767,0.063237553270265701,0.32371476492027751,0.049358889302462461,0.88602691853121596,0.69451533345319272,0.76654151416787808,4
0.78425936441444066,0.35705796529078737,0.93174890234204644,0.14563911446692768,0.36718796296878331,0.34730117874776134,0.08176270988021539,0.95150683432592187,0.66969890052059555,0.64181274705791769,4
0.68579785475763155,0.23127005620352792,0.63379845338256979,0.50258788608303295,0.44842004919004508,0.46502670992453121,0.48174998724740137,0.75061092163245358,0.94214890802383677,0.28682113304467061,0
0.33621240446363776,0.16435696376730924,0.82147225198809481,0.017866434633340256,0.40743263372542615,0.52133962697081937,0.90149060013803639,0.91126240891661625,0.63793742161924172,0.55978255248798325,0
0.39705380742413843,0.0089569735091878933,0.096376165791268176,0.78368133620037672,0.1232595561570653,0.94650843660623407,0.97870732887421508,0.8790716585044166,0.27359066242682883,0.91392748021551051,0
0.53838243634027316,0.67142517401164403,0.42072012576130136,0.70009415949707476,0.13220248742289342,0.56739657024603785,0.467039615026835,0.41103026170732238,0.32317341630971208,0.81807730342863949,0
0.13779225351670998,0.21461503836936024,0.70632627484192445,0.994795386208568,0.69488415010336235,0.39085077141805202,0.0019249883078474861,0.0085261876071821563,0.46367972145025038,0.2932972778688,0
0.52852124023773894,0.025515860139324831,0.21172355170679358,0.53896706100752034,0.35995195586074291,0.73197335682987164,0.92930057022270562,0.52158177606555656,0.3280114861209501,0.15843410704820804,1
0.74813243926609552,0.10395160973157103,0.45217911824496282,0.14984686720015872,0.81003001806254304,0.52105962654330829,0.02158569800303034,0.97435802487653089,0.62264197867292581,0.97267960149017385,1
0.52919251326180272,0.72016855365641375,0.17053588221725047,0.48248205279921508,0.9005102070296076,0.77440882297433256,0.76432274722889837,0.96900547534265202,0.24992707808702253,0.27650684292158278,0
0.74293184151644265,0.63967002019435593,0.083902490082314096,0.4404420949220833,0.76752073484184025,0.4451374784090989,0.0737660291760176,0.48240441192623962,0.018503681933354499,0.73046961541825706,2
0.10964287484541213,0.74738728983298963,0.73655277156179122,0.83125321606320057,0.96901494716116798,0.69853182057191532,0.74819130273433643,0.14398520880026555,0.30171440187100418,0.96993885805190927,0
0.52470176758250497,0.20344151735667149,0.34130345630793268,0.20992607638851701,0.61975517043970052,0.092282440111710717,0.17436367081860382,0.062447951883236041,0.55662779593292755,0.79989609193425371,2
0.12459702206374756,0.068837374932209094,0.52458372399888542,0.22295109380697997,0.077140430931713522,0.34357670047741595,0.7039874709557763,0.19118169913204064,0.31980879242996108,0.28828664082970967,0
0.12352534468085963,0.62341750424137665,0.70475015695245091,0.34746313523217753,0.94198411582996444,0.036773986414203375,0.47202527052529097,0.080083183388877432,0.067704489750566088,0.89149457411081212,0
0.079275754450103375,0.34442474778483689,0.13224547611684168,0.33934684558704165,0.11593415561278364,0.39607976265154832,0.91017947921138709,0.77461019356103489,0.79890183951848037,0.31320630284094442,2
0.66674967139497643,0.32867737551662568,0.78289920677138147,0.18725463643133611,0.81326745519923027,0.97671642848309559,0.42704543775023907,0.50290233442497612,0.39936357842804793,0.39509157634713954,1
0.57965387549626868,0.95890965712418075,0.31533099770167439,0.40231295913144949,0.55368117164967512,0.73489776043382127,0.62014113272814608,0.75947350774565647,0.23770353609241113,0.95431218057092992,2
0.82609820455687744,0.57966402987288013,0.39499485873183116,0.28176540892699697,0.18627395062627583,0.32576482865299183,0.3211709647679134,0.50470954239177179,0.94940752957371743,0.41808764129646236,0
0.46498456999451965,0.21279617346221857,0.4504484062677061,0.80631215751015572,0.77147889564992578,0.52942257297003337,0.42532894072118077,0.61071404861417689,0.81344378369579984,0.59306134422442724,1
0.024331169137167596,0.74708626103980635,0.12264547927577341,0.73169259625659322,0.67623664604197387,0.69027475911865199,0.23436007684825888,0.74394588351366553,0.33485238239205395,0.1280828917915865,1
0.36512476666642024,0.97167829107500703,0.93769063329971869,0.93378420186672217,0.27525405158284322,0.12011884485172086,0.31783365156818011,0.75792130607430441,0.10190109349037069,0.24193693184738074,2
0.25977006328475272,0.88545686684866776,0.61863276703097847,0.55444015313997785,0.6159227761059396,0.74330269195243914,0.46114487461213172,0.29818496135184758,0.51865059961238991,0.29297183927823556,0
0.90996973114679192,0.19044413160964946,0.036524031715751026,0.63341867444276312,0.44218268637115832,0.93119145002237624,0.34697235620511557,0.8455356029375829,0.97549899565456699,0.41641261849362687,2
0.076287653168542913,0.50739449874281606,0.64550418618835881,0.66561890816832825,0.079169309799474563,0.86251868184057634,0.41349587740721916,0.68399281858735228,0.009826749719492156,0.35538272890924394,0
0.83478715052535923,0.28107648158199783,0.80905028552003455,0.84627300092966118,0.23588460714340909,0.79331500707788294,0.18593544208229518,0.069984514916546781,0.43030312690743378,0.48859736822961763,1
0.49527415357538307,0.076235713575544706,0.8454653893696189,0.81689990436872506,0.28037154994023805,0.61326624015622078,0.72602032106746672,0.82112913394373943,0.77981162251464287,0.99967711847008356,1
0.05611613781329261,0.260522617109196,0.33593657986858549,0.82999660694894084,0.21146275852937124,0.32401196648838293,0.22042942740308702,0.25044345775901167,0.32040306259300433,0.89506132848216036,2
0.86649452081731393,0.78956459938290768,0.41680956606304542,0.93588851290496822,0.66374959634499964,0.95229827982272675,0.38408750951781401,0.8164000624948291,0.53513428547004016,0.31622161479418631,4
0.64134996279757372,0.89456183061743244,0.23758188209403375,0.2013109820976362,0.78753584387588327,0.22059122144578214,0.16008521993034242,0.6700630027827944,0.76182777349009256,0.7467291471286176,0
0.56851308717225324,0.1473346790352954,0.80918415925444087,0.41932091057376575,0.43894896266361261,0.38080060975432861,0.19994370072881129,0.059504936170339473,0.36096985560916339,0.68511465410261851,5
0.16321018894803674,0.15014308602640358,0.73798256145354579,0.29049465215187531,0.90684702952457685,0.22735595412372345,0.71096412562067235,0.45669261809956763,0.21604657890583756,0.33825609629410403,0
0.021490630393064647,0.72591784048900276,0.0078119555477577096,0.47687846671318257,0.95570571064318854,0.56555393966433909,0.53369011649809606,0.6315477243390708,0.52028709330096068,0.52677926170258016,2
0.77996805796176361,0.80403124892387645,0.1211353576320231,0.64132630850336347,0.735452416453096,0.13653860255557149,0.90455257379695575,0.47216320217879237,0.16058860137982478,0.39777487586120397,5
0.76223140763938735,0.90406304968790829,0.39546903640621234,0.16103217388911062,0.069338923161665011,0.90639600078908267,0.67129730569643797,0.87672830175887506,0.51658454864345305,0.5936571607839698,3
0.13381795879248148,0.11170774400909467,0.53898535945816517,0.2742195992423081,0.90634783098355598,0.30412618277428771,0.49806038669750641,0.69178794949861255,0.27298399792941619,0.32707919858269885,1
0.15570933110033403,0.27313540201039721,0.75269205511956572,0.85515794402787237,0.68032846592593488,0.75527656644315599,0.69298136071149863,0.004445844806305721,0.61996007680949372,0.096547881995145857,2
0.034958711552281696,0.76944752602853594,0.053696094306872943,0.68356273107643295,0.45721195982032281,0.00031245979720151418,0.27598325563171588,0.63311531949175748,0.9243180195446431,0.99876317998974495,5
0.52365259815769982,0.71439810622956523,0.34065955355385225,0.59697616148991506,0.46089815352715313,0.038361923427779998,0.95773031924626184,0.0043771926222969659,0.41875955978918811,0.57864183118167378,2
0.94996009072917031,0.59952256274779459,0.48162790100962638,0.9467227553683174,0.67255073299234613,0.5908069257944718,0.95889449911898128,0.5149642809321382,0.14889892265887361,0.508551638151437,1
0.1248460920133474,0.1463608960415731,0.62620124667960519,0.46659858801022069,0.067610033009408488,0.98277534440792647,0.73370454816362041,0.87748895118538917,0.85447420787229711,0.076856077116960519,1
0.53167499826181519,0.66311722335560486,0.78445858527435508,0.79517062900404611,0.12231281290215457,0.45303333538134882,0.3480386979882607,0.38409976359461839,0.51649780131062462,0.28479850241413296,0
0.98628052109166808,0.24501004033578511,0.64238012533668154,0.58185927385004776,0.56306264571946818,0.043750826877783311,0.44306920176225639,0.18550644758739487,0.12375489404916828,0.90003429210248076,1
0.29912328259150411,0.47263253993772436,0.6055794668578669,0.87107536513767281,0.5117335538892529,0.35161733649959792,0.86855846599662534,0.37511006547246406,0.56672451499824983,0.23752434501920094,3
0.84339972205623737,0.014374973951216119,0.82928001581421484,0.83492187412924201,0.93064820937688897,0.68858509885602026,0.3765702462504128,0.24843771486088007,0.10232096331867635,0.15851999912349624,0
0.70950822729754737,0.85709672680060256,0.1201031738979047,0.26943681330063918,0.41735631898927572,0.21636636254219688,0.71917452119112202,0.47528479624598718,0.76187224412845267,0.3173452659656163,1
0.74080399285153054,0.6167150213446092,0.45726886269333045,0.72012183250696182,0.94156980546383062,0.52000000384575051,0.13712798444552454,0.83373605640215731,0.96571398613166171,0.64626203739151322,2
0.59971573058736971,0.76144268805501525,0.43654617527755257,0.57148548754143691,0.21509053190136262,0.62616538916253006,0.32843790772322157,0.10010050827076689,0.1442303200775783,0.85815725617264793,0
0.84373729408396592,0.98448181423051229,0.40063327125289472,0.16899808611868994,0.1803215640151814,0.62677506926493864,0.4880963490948359,0.056932858597846581,0.58133195680179905,0.1907850346833101,0
0.21203802815351391,0.73932942306924865,0.82996721120302563,0.3024038982368692,0.98075033169397852,0.17758579723960499,0.56059704054311232,0.23763424326119498,0.19290703019623789,0.45632594021877426,1
0.24271705135164368,0.42415174088598051,0.62680627556906487,0.96735310104623506,0.63369958636269097,0.62904779473172578,0.27657220883509381,0.94822798311195711,0.62975106287152505,0.77633112241202828,0
0.67134666181259439,0.56624900248358623,0.21625383829000688,0.75641765848154163,0.36082274194357533,0.15063407307074939,0.70520871654260142,0.57363782458524259,0.8280769255108138,0.94560531119179736,1
0.50154882734345319,0.86608415445907616,0.51625630320932425,0.31120143564851199,0.43713005047539988,0.43327304896277086,0.53346656548567872,0.89720086358252815,0.47037031871795143,0.30762153710621221,2
0.78672810621804867,0.61547297594641071,0.49321688904462047,0.028094855289205745,0.078806106668317444,0.77462461164834462,0.50542549485094557,0.64199783879853067,0.6595652863980207,0.51272194552030848,3
0.81282964670101543,0.94577710563514983,0.52863942251390805,0.28384510783820238,0.10482168156361693,0.9437743260138497,0.99263921049336068,0.98600534961113318,0.2713950018288136,0.46646817185668599,2
0.051534181949557167,0.59604733731327064,0.70529678435807197,0.41246999173872267,0.78026786336381093,0.78508177969397164,0.13286007952792833,0.609886162323097,0.088854634200181026,0.10386085283183477,0
0.80889460368839183,0.79166706772810314,0.85836487459387867,0.87601575130694431,0.46275003328531017,0.91200802583481821,0.27319453080497758,0.40954321307597907,0.88371537065554095,0.075100505974275533,0
0.19221584273164605,0.24090846662650589,0.77079866954753951,0.5180332357073093,0.97763888226694862,0.29833087178558715,0.069143067886783816,0.66690399315922699,0.77934882562219499,0.68276149926379648,3
0.29438119142940034,0.32604833559738833,0.98240120067051129,0.040700451312076225,0.4968422804167697,0.20666379421381798,0.012522257415374938,0.08173160343001562,0.89140389037019796,0.63332538016365103,6
0.77702886133173821,0.84841660956865239,0.70864395345125408,0.56870919490489036,0.991557745001306,0.44161428322559049,0.5080329496165944,0.81496953397251237,0.80957481998664516,0.37446584673498495,0
0.063722943802102527,0.4165099682262976,0.21791965095664423,0.32972003559865459,0.11924245034610448,0.92470182839900383,0.35416497198222885,0.44483971896675312,0.37915626530977153,0.16564534726224234,2
0.89986629838229282,0.27547732660090363,0.85899197930285709,0.047972408427509161,0.89789855145250064,0.95345443933807617,0.48744562782475764,0.78423531852993889,0.82813559541395776,0.94540808790873954,1
0.038020020881010086,0.9389842475822191,0.38024200997935531,0.010555701667676165,0.44135688992299804,0.26350780905738691,0.10270899647316845,0.011493409031473001,0.35552533627365346,0.85800595097003163,2
0.98658414522336157,0.89009501128364266,0.23085875887679574,0.97905215739351581,0.86418417524258528,0.42109812275549763,0.52802686268204835,0.71631260826097254,0.32223174342853755,0.081376020694699402,2
0.94842071030319997,0.48897405508477554,0.68800348912327891,0.23609970724280138,0.55311794541248249,0.96275275399422022,0.32325049894121172,0.65148940731328497,0.11671288176244166,0.43706873300408056,0
0.25840208881626092,0.68916275590338338,0.52270645893147916,0.33005485511697219,0.8743176308470777,0.093154802704878747,0.94969633452551649,0.12738970183213205,0.86717050572611165,0.13180190563007999,1
0.095833741435812692,0.043826967287771024,0.50281084052500136,0.68097565604773436,0.67238583449409639,0.77790545056112004,0.89964969471477541,0.13990982965779342,0.65212868550764214,0.24727109042611939,0
0.28508741579224284,0.42694342034407251,0.44477893167026339,0.71006174327441129,0.15837097070845385,0.40641603191293285,0.54847360573394277,0.67217848129766744,0.19163181852149547,0.10058555766595256,4
0.0071895574472135015,0.69835278216303198,0.15650739127245517,0.65415619308242068,0.96928588809254834,0.31121293813302442,0.37964911655159073,0.77413176295583597,0.76274965641955617,0.16027014065259626,1
0.91511850161135089,0.28068488487924725,0.14067679594166815,0.87116632593610466,0.7150594371677047,0.27844165665343013,0.30550495399383859,0.58446637011033808,0.81827597409284714,0.30092737349877352,0
0.72736435843682201,0.82969658086213482,0.67270203235578285,0.69664089090566594,0.66486619042911244,0.72257817961041315,0.68862822989380801,0.73997986299305774,0.68576988689630192,0.4528328834747114,1
0.21558044571619217,0.074885410459399449,0.21358737657960181,0.67576075257451718,0.62481977015068446,0.59455204473307699,0.60135373853400331,0.42692785739150274,0.86901784299322571,0.46354582681821221,1
0.18052709759349939,0.63837323925848344,0.46384908184970375,0.87865296028977347,0.015703641579113303,0.53111184366852093,0.91107370957908607,0.46240141901190435,0.39397072217245066,0.71958550835760349,0
0.77640839922854132,0.81130312441317765,0.16198093954875292,0.82535090046541926,0.78786515320936201,0.47099397826822498,0.55295292899509629,0.48926511370072712,0.44608077971730142,0.53722832638682827,4
0.45785279192601591,0.078818530675461518,0.13771432341828482,0.75887284575392955,0.7110695770788138,0.61595354992903772,0.21541016974972926,0.03905822135250947,0.70313147931060194,0.47264727603089207,1
0.14610539476825835,0.37483292758424147,0.65045320262450146,0.60716698693376525,0.41710877632508525,0.51388001821485252,0.8538827539675159,0.18433496761865997,0.48242229715127882,0.65920757938377905,3
0.93661807809352537,0.6393334792445402,0.57264947973933922,0.72482019415432097,0.64430911927278123,0.091386135799697343,0.15538186230035667,0.35817394685207316,0.061054574089385194,0.15797320852979335,2
0.71475413714281888,0.33543663564288129,0.7794665747645646,0.72930750631655572,0.75686403561625715,0.95107231273768778,0.56301511302083884,0.50682682969899451,0.54743322917874204,0.1309877098544584,1
0.41338126795028562,0.72845482623240376,0.048856392928741554,0.49564128258495399,0.01745947873690501,0.68759953327187573,0.2845500187966612,0.97464974571834218,0.60530326776114907,0.85002100931063018,3
0.54007962451440794,0.26318532015990892,0.043582365370318121,0.32747001945342247,0.0091523561371829043,0.33859004429932937,0.72029237134221769,0.74933695672241196,0.15847622253536464,0.01674158986024965,2
0.38187209905938801,0.88966118601452293,0.83594768429998645,0.54979493360548459,0.90296280306433951,0.95092913407995872,0.58277696769124465,0.11944002825333488,0.90728454309443052,0.71683435246435923,2
0.60742896297493054,0.65249771845780358,0.12500076549710515,0.70024394073825069,0.66039333518773191,0.76638439571519523,0.90770994071799227,0.96013632462013254,0.52265794597655313,0.33539934883452149,2
0.36999659417984698,0.83144159157619857,0.44614161164442068,0.64475203061957709,0.96647739659754617,0.021873420152100698,0.21181348741095518,0.11612964145086435,0.42679320524891717,0.51391542731076811,3
0.38732332002366732,0.77274944144007263,0.87914853906506385,0.36484819432727711,0.44179177396477876,0.086078684144739737,0.48824877025722668,0.40904379379703537,0.34604315240693162,0.087397494986314772,0
0.96500190464907298,0.6292369654996095,0.77863214126215219,0.29950589915722592,0.27017525862833225,0.95651309067772072,0.54424527684760127,0.22965078387849158,0.57183302752261811,0.27323556951095318,1
0.96304493396154478,0.041226823865296303,0.058475729857876635,0.44454186189038825,0.4235200081036008,0.35360736325052999,0.55110266709662148,0.11097166376393119,0.29454675387486018,0.52658018124943085,4
0.86866891294538751,0.4923719074842785,0.68575058587132665,0.8902145670103031,0.41705005929709971,0.012691129241177324,0.62765851971215214,0.26537121744648307,0.42386533001122895,0.19852369656884694,2
0.15010439910072571,0.64233562075989659,0.91628046328883539,0.80911285295405688,0.47508622344062934,0.77875329198955412,0.28053973437173685,0.44805974633741974,0.80909470898719926,0.72820084509134686,2
0.71734392289291071,0.2867663163064943,0.62325499103564774,0.8539661512542539,0.28223629080643986,0.14697210389681226,0.89311017954212923,0.25817122435859197,0.81084890150345112,0.59994188659428316,1
0.74082024383450795,0.91571599573556473,0.57706244986473676,0.96144141860169208,0.080413458628819212,0.64991723729122264,0.090055454666466361,0.45451554511756076,0.59260716223076071,0.23492263372578381,0
0.3681053312829663,0.084119493707932924,0.16150997241965048,0.0029492940093175379,0.58049864469078971,0.53088697220324355,0.92959862505840152,0.87610215827044802,0.47425304987980255,0.93813181497580211,0
0.83523668670619011,0.39509267523699998,0.21075925453492395,0.47149381502699794,0.57266091054080881,0.12411084303679865,0.49656502119200319,0.17248303321316927,0.90604960488216668,0.14208494085692824,4
0.31536097035823585,0.82060238815474273,0.81953992581657498,0.89955509959848134,0.75356166433220551,0.6184605522153499,0.42953894185785324,0.3376497343948428,0.53276075223925123,0.39958149572056845,0
0.24547477062743772,0.67125939934878753,0.35488041138223603,0.0011282884760469569,0.097312536060050414,0.83657365941558448,0.24676660214282464,0.35988843319951025,0.89192769438845965,0.58451841592965259,5
0.23155035363181575,0.92347265546718349,0.73485556376508165,0.72144911081632079,0.91255639258475008,0.16164878069840494,0.26039863509927708,0.79082835914568184,0.11034463085869228,0.86076206578910641,1
0.42547087036442699,0.075689405380486297,0.25295612341681883,0.29524677681541378,0.30701830870771329,0.94443124761660446,0.92974635250490723,0.64359203710034274,0.20857153308052945,0.67414507322068418,3
0.81686087499068494,0.54304260633051782,0.16421579576271872,0.83627203894047064,0.73430625857274023,0.67515048568943004,0.50861727056254724,0.18979785455458786,0.11836818277482841,0.74984740157176855,1
0.013448473020943874,0.32754945007771519,0.3545488333121527,0.052085462319801379,0.9238185480994463,0.80721712661152301,0.79041273841675175,0.67741634009735685,0.19911661094932342,0.84188503902489609,3
0.29974310643844504,0.75376192376030704,0.19672985486112216,0.31860793097549989,0.3099344373323174,0.5855067799081608,0.20589488203296791,0.016920828981466518,0.83220551451554559,0.078259950657495136,2
0.8985463130808945,0.77048687611735556,0.029542849212996436,0.37731745688041307,0.50320245104786765,0.31444895688751096,0.70638365756658306,0.2162324333706771,0.058645284729154312,0.26045689418143769,0
0.10273584170900041,0.13241845472260427,0.76647266892051213,0.65388738824402481,0.87665531355786597,0.58231754111559519,0.1692083334755129,0.98839696905014673,0.57432832031134984,0.58377299540362904,1
0.67657060462993057,0.10653031317968886,0.15583158359985538,0.82984291749297268,0.98026912104727459,0.72611338619905075,0.81861251391165535,0.86654809526626664,0.97735702108242262,0.60246031202099815,1
0.53735811233311281,0.80588120663122509,0.29950232799580667,0.97540433982394659,0.11549320098961557,0.18895240054981577,0.59099167114572315,0.25446861045822866,0.11361450450703425,0.94381841395306632,8
0.20719098497999489,0.28912279395771023,0.96585324449081811,0.9274977427209401,0.070831718903454632,0.86394635288076249,0.12354948811553745,0.34811809556813,0.78980163826273242,0.22003513270041997,2
0.84888047152298174,0.84983646162706183,0.92195513867440271,0.54435351555862099,0.53060455837685083,0.82411447617735667,0.49634581158923019,0.2228268528589733,0.34171564271061783,0.2929193627560196,2
0.37070113653003123,0.70609311475715442,0.063109556347132445,0.42925109211696122,0.51478648813341288,0.18632431342500921,0.78312117796352698,0.14821069846097989,0.37253174496017682,0.96368836484365139,2
0.9068557669771985,0.13856263174602101,0.16643388287374683,0.63957280017406404,0.51621455117866366,0.30707341654003029,0.63101943850953934,0.79925689619754303,0.18451791650135096,0.28421609625793809,5
0.189724567982966,0.57600177315253043,0.91032898804896489,0.18239535945078411,0.82727093414323571,0.4414509153416355,0.53168853239692515,0.35143753933705224,0.37609960614988514,0.42880773335882305,1
0.12043669768077359,0.80019903231921263,0.61289721801915931,0.77141114611692696,0.97464407032054012,0.35939148212121974,0.36610673727033471,0.32770248657500289,0.83304142707473205,0.2126239316349241,0
0.62637536256972348,0.88147704336110366,0.96490704153989604,0.52028888070866741,0.16521041738005904,0.22553203193231874,0.064432245174650848,0.65123050972829966,0.1032845541259183,0.68149424310844176,6
0.20775000830387391,0.72061666514401912,0.70429562057382966,0.86296132355233679,0.92777992578187918,0.4597293323175724,0.40224094828346268,0.80939042000129269,0.72016569107841055,0.18560398412992052,2
0.60693340471956425,0.31260885783808057,0.69598934267021462,0.15314081469189289,0.73694139139375858,0.93289557526817846,0.45145233157946019,0.017214539101482074,0.069408055752293252,0.68283912261773438,3
0.6301311205142055,0.32299559566271763,0.11909541476224461,0.69947862054091725,0.54813948968618742,0.84637966931993491,0.67790535358041482,0.038084725206612102,0.11473434911097147,0.54779306312293796,3
0.24622930070816929,0.4532474648219853,0.49763064520484901,0.94177563731801539,0.91916571300455141,0.66367681986480687,0.97444688143384106,0.31677921208299809,0.63547442714756586,0.66998485091847704,0
0.9580641867817945,0.95923060648490832,0.53417151737498336,0.69557059312082925,0.080991865568465937,0.29140138871516408,0.77785085858842451,0.34765365199250231,0.65389097296599685,0.70628962694142983,1
0.7985900206808666,0.034576092278292947,0.83652982820115829,0.59535284055144155,0.26903534371143256,0.41813319537459159,0.25185613210642355,0.17320161317572547,0.33620905087859909,0.14516793222293833,6
0.68255902940695068,0.69509819844176934,0.66211224262263668,0.55928370590673515,0.64926869386783093,0.22234127255191594,0.39760245657420201,0.29085002996712972,0.77210637600264265,0.33851644993914332,1
0.16811655603089881,0.90777155543266852,0.17259508116521716,0.06394794161560502,0.22566482546256394,0.059440843803406529,0.34955340852421302,0.87817287552116985,0.44103563534021895,0.05402426184971465,2
0.24721712289724329,0.47037002684819129,0.38720331963853127,0.61170063243633399,0.75066263546400491,0.78690904229851066,0.13407365634283985,0.057454877818886363,0.7470155930352399,0.52528592340021252,0
0.44265385155046721,0.99637714643948139,0.26956119700769088,0.17566424194103225,0.48372026014247094,0.42792931046802629,0.20637896091643926,0.76149831384464339,0.95929244931615643,0.47177398160889228,4
0.86431486130095481,0.98454411557713717,0.031058990109719908,0.15734721238094607,0.33980711365718308,0.49949286463879461,0.19895394580236492,0.84653204881900079,0.16291034610188804,0.80525136932789831,1
0.12164849185755999,0.56036786093116686,0.69310347844550213,0.78087606560047618,0.5246669977709203,0.16818109921237956,0.153855307291201,0.6981379521415535,0.11753399620645555,0.2730459345754972,1
0.056212860104093765,0.93882859384794526,0.27207600955479228,0.23973179548480517,0.15208171205819143,0.015937913463546671,0.71049388359072141,0.053817013176123862,0.92212461855020611,0.46776747177353961,6
0.89916991880472208,0.72821721228020209,0.19636448993376487,0.35193246309047321,0.90700658490365316,0.55775486200860658,0.38816321352599059,0.27455264121781076,0.50022427375681289,0.76681051560876912,0
0.953241621729498,0.034591744422834636,0.22319852381161953,0.88982784530302539,0.60800576356913172,0.78676996051775716,0.29109377523883595,0.72517709965233279,0.36742269667610372,0.042667015374380113,2
0.042580257967311907,0.6762821399555915,0.19717885165016613,0.21716295213837655,0.91869958296174414,0.19888268514847629,0.74552493282687393,0.48029638580150025,0.33129242861032038,0.8182983130414454,0
0.77994246443650284,0.15793095617563757,0.20243216103542905,0.93813823524075901,0.83814546558832814,0.72597006839115041,0.63866922728371223,0.96987113708907258,0.32766024267613092,0.77079225341297231,3
0.86623330060220649,0.19207689906370595,0.30976265214532184,0.56962669631735707,0.18598829427878327,0.96960035585676752,0.44864212558877503,0.88676448262795304,0.42105403331207092,0.76214007243277315,1
0.095203425531415919,0.90332534575748302,0.53015963282675138,0.85067946039224707,0.71105651588867802,0.29907343518791352,0.98608542286041834,0.96406375648148324,0.71700789135825571,0.34196128204020881,1
0.13100789408584657,0.60432443862036223,0.76195626846071274,0.42122430270354694,0.2324559501594109,0.90653218173184635,0.41825442195083073,0.38131479197742502,0.016750381429956218,0.31093271627244023,0
0.76198094366547886,0.0049488194332907298,0.72724987854469536,0.21008926851972809,0.029478930304428608,0.60081185712018004,0.3315646570474754,0.58718010057746894,0.61134975860335039,0.37694465397686816,0
0.77733477716629173,0.82690149198048135,0.91981323444941776,0.31901103220309024,0.80884046429530032,0.71930665752186262,0.28127637721714593,0.77888238202589954,0.79101292857002525,0.88876309155303979,2
0.22749483428927109,0.0044278304667766388,0.97720113879933224,0.52934469132553763,0.5743498311599865,0.97692019969448451,0.59294777261099485,0.45433006346258364,0.098498972823487851,0.0098312403313859376,6
0.48494385370343063,0.010505005859593464,0.68630685288982751,0.96677097600694983,0.28793732531609106,0.71456642333569209,0.11851211839739317,0.8782842754467437,0.041009381970731451,0.27434858822949393,0
0.984886157700534,0.13171845733448628,0.60857998376487987,0.80541708037728221,0.8671299146320357,0.95953608920731281,0.98118427173437195,0.0089790390846408163,0.67134094036308178,0.68383066769260814,1
0.017746987311196727,0.37380001858944634,0.97807168700917091,0.28512280432906323,0.87925154444464038,0.64833440441631929,0.65297990507970016,0.56853367704797408,0.26944187085188021,0.88645199464841584,2
0.85562450841678628,0.22959696791245743,0.86699833554647232,0.90618046635272786,0.50652587439438757,0.38602847121221451,0.10234346624500246,0.77213705604583049,0.27057359333731668,0.63344043013704077,1
0.78695155177246245,0.54504633589237783,0.58749017815156213,0.30677050018362939,0.99607522970560813,0.12198814882460229,0.1318774068225711,0.36298122674201494,0.5231900656937315,0.68037981453235941,0
0.57141657943025004,0.47196546434752717,0.2843991461783999,0.13215435790501751,0.98427995210470254,0.27756094390067276,0.65100990179530682,0.25158075156776372,0.82455787500757516,0.52394989284656335,1
0.17736718879983704,0.51068620539901555,0.31851081565195971,0.56074207363171391,0.25419148883135667,0.053975854951006763,0.36794403759197758,0.71561599908541751,0.44709258581308808,0.072005135802712394,3
0.79306623148986222,0.88071099608057724,0.78314948855113697,0.37270112934337096,0.32475466642891626,0.29184527388695647,0.3043239906790618,0.57174184944503892,0.22876528491517678,0.8676997774080093,0
0.48067904237922754,0.49456035661393982,0.66419077982695096,0.37619127976898215,0.89284672941941712,0.33711686697277332,0.6541125196266514,0.88833404441451669,0.028984392201040432,0.17329701554943655,1
0.60123718300588791,0.19935963861317307,0.38864559842505531,0.84471785285443513,0.20812824424744314,0.827109081935541,0.054164346337521985,0.11784088856497033,0.8859403053705005,0.78100129679820818,0
0.14211930248763016,0.021280417084227565,0.21411415128863187,0.44392010405579807,0.13287771693595685,0.085679161078135002,0.21134623627372418,0.16208054418867113,0.13273821720999823,0.2304306872130818,2
0.060034412085172795,0.14585401907840567,0.76327728666058381,0.93335316940984847,0.45213243992022933,0.046554066285705686,0.53450412331260755,0.71108887240455942,0.75613672086393058,0.45270044708607904,2
0.3735711284811315,0.77649704786178542,0.82457572709236227,0.28977552142188268,0.11805852922498283,0.89193768666369089,0.34837837874662425,0.89524342378737609,0.16245504963175716,0.89163189550806132,0
0.35437919035327914,0.10431257724515297,0.268320009844767,0.86228289291954507,0.11286995600815397,0.083510415068274946,0.11987901368815035,0.32251930982292953,0.70577679495985046,0.52008747275375999,0
0.50077465188185855,0.91942846518902022,0.61304119104186305,0.71778210752904947,0.77952890167600253,0.019389185595874769,0.35494323708968301,0.050846704764911932,0.67919009114069717,0.11021360809646485,1
0.73389829258329786,0.10417483135009487,0.95535879413904179,0.58855046651738796,0.94496012616944147,0.90043677740562111,0.52031807900270888,0.53579829769593423,0.5366283800798205,0.36499534277809453,0
0.14969991225643053,0.55581372183441546,0.46873149248919099,0.6947611116860184,0.45000329740673095,0.82832217325122193,0.76849722863344894,0.3936800373709759,0.14376869037393936,0.16642233578617627,1
0.46668276294591138,0.46109322952502696,0.1914052319071311,0.87685588679639082,0.87375657276907825,0.21175125274003259,0.60613368513890176,0.47569471114566764,0.48169054168652903,0.66871481544477573,1
0.27702353189928508,0.97012758492745133,0.58545823238055927,0.69646564402340183,0.31686860214504298,0.93652874477443238,0.72352442146908513,0.87484160135810263,0.66939407438165421,0.76478837080958595,0
0.070929308659673285,0.64174573869055185,0.46754117654823191,0.1072601556652264,0.91410815135296342,0.2020108938744497,0.73111889626003512,0.62176662494707136,0.63447088480199254,0.84259080073081327,1
0.87718701718621073,0.34786603014246875,0.44859420232431702,0.45530080893427238,0.86797341772964209,0.57116518854687459,0.45490399394206282,0.32952545964525826,0.96246526742313787,0.76838272652309358,0
0.33243092781703365,0.12495426509601226,0.34025070411023872,0.022235367049918131,0.70632667231527335,0.55045617923561729,0.24203827107468567,0.14505147599757384,0.012885774903619085,0.014362888361835191,3
0.90060322865670095,0.42785440585337908,0.40495322489332686,0.069289490944485665,0.22116950960115023,0.60193276086453973,0.66589651628357505,0.015910361454234301,0.3475005886098389,0.3126144036575651,1
0.32374328994297763,0.84946673705293985,0.73358614875162487,0.39780454535693954,0.58538331680441891,0.5040579654524685,0.85878577785581578,0.46946137718654868,0.098255338765188549,0.76225748179491792,0
0.36923571640515196,0.60409296457819561,0.77636095029370933,0.051296239393395004,0.92732727703494033,0.7497049395543669,0.21182079460445657,0.61577719153200894,0.16378356994337062,0.24504603361088384,1
0.70839486250458861,0.054626761018070624,0.85496813667728078,0.7384964880293966,0.35363487601370203,0.26060669079866572,0.78372595172686421,0.64082102984440037,0.41582417192193355,0.04799102743976813,1
0.62631416579147015,0.93971826007941739,0.085438549077092363,0.93660326989438469,0.92016273467760457,0.61711965265771229,0.24385252527359447,0.82752259310164689,0.53061409646151014,0.49724370178784805,1
0.87485628027274498,0.44076493438027631,0.53035061913074266,0.030503914105532215,0.064257392900074262,0.47196765994647716,0.0094827128116978798,0.212374665856503,0.0044805164684250665,0.92775188233968031,2
0.32744468850941577,0.48127594271070584,0.59470903269261177,0.33467557593089869,0.39821790609357111,0.048808423512133547,0.88472489670466825,0.72884840515219851,0.57888819182032947,0.70666746517380252,1
0.049060549521617758,0.29101550327326631,0.77327024839064884,0.54381421148965114,0.63437070009258478,0.86722765520165968,0.46940444344915444,0.54486131870007626,0.97589718194839126,0.61629333282140686,0
0.0374510695193081,0.60105757423785799,0.89076109166897899,0.15849918511298533,0.89378543753763706,0.21488910140187989,0.25689415923985881,0.13716575447396862,0.98299516769856654,0.88310847835592599,0
0.15777978420808603,0.9729150386716563,0.91709148779952065,0.73805933720199701,0.51973120207728984,0.8710402508826679,0.22823417331624618,0.58915287013563933,0.60178496706368578,0.40173962647582795,0
0.34662181889579102,0.55972865984046227,0.13961628151752214,0.38156173143393501,0.98361026652410444,0.061122215912081113,0.17068211866740535,0.37169157871602898,0.58209811694658542,0.998127243177652,2
0.65574507124672388,0.86639694580675519,0.30059424245458566,0.80181075206020336,0.074937399132404159,0.36753088314064863,0.49475769643345691,0.30361517838256757,0.87921301773686555,0.77660972069559664,2
0.034643766818242439,0.30977543075191927,0.3834643311370961,0.85442703716313217,0.20543733972229561,0.88580483867645232,0.034787909386674309,0.60232007388497844,0.43771441166392644,0.014035952282639652,2
0.068264306767069849,0.32335730393050321,0.39327534314781543,0.12292871848424847,0.26291850934294558,0.77038571353687291,0.58006118146853114,0.34950533215408819,0.56559142477759239,0.040359339574118747,1
0.33831952406856103,0.074992212569595429,0.74062604096870377,0.42897639165687962,0.60761049112390164,0.18605960853184178,0.29282035578823551,0.71086930678383853,0.0026221383415377941,0.1981717530572924,1
0.74094685812683514,0.62895522665849179,0.26681106017899658,0.7212165447318778,0.024341267989159587,0.30231898388893363,0.7771218772001558,0.64781521991254765,0.81074518029623965,0.38193168602990391,1
0.19132136485225026,0.3663104316240624,0.6608767384769213,0.14872002996300382,0.17461915031314645,0.88070677498241401,0.27330070651061433,0.96554576372292733,0.37680133396746307,0.86626243625640309,0
0.88314665165371187,0.89144493849965201,0.14364943264344676,0.61783546888450658,0.23267197430563613,0.44044814072817018,0.58527045987197412,0.76468781945360798,0.35689772096742844,0.58174969252654418,4
0.33519739105986013,0.40767417389459792,0.81641975383453147,0.55403435708221138,0.54718992294463675,0.66466776601782029,0.037585745032749696,0.87920969359150625,0.44741939655769225,0.67010692799590355,0
0.82085436313204208,0.28956043432416012,0.20167831746184806,0.3404309864057522,0.69308242194646896,0.010047989590172057,0.48987072579478796,0.2387974499753367,0.43018381557048391,0.50335356804328801,1
0.51232454798679383,0.62770358309201046,0.97072088091331787,0.40826941020105756,0.48323494937515676,0.79956552379542856,0.51705900560293183,0.32209070512933347,0.15152800917865672,0.57203172705338468,3
0.98184411521794068,0.9537654883205916,0.087506635098221763,0.82597443365591183,0.74622117580800573,0.091661731133605984,0.15713249418411557,0.12257976303385953,0.35308065279394418,0.50649760445456771,3
0.88257676876496605,0.85209696530387646,0.11496399375822053,0.64978715204573734,0.305583307521888,0.080357723408093995,0.61343704100694718,0.94771382248864611,0.047352325997281564,0.89195813372814226,2
0.40895364449390692,0.92329012582104342,0.95455430396470264,0.50609924092339631,0.24591609388146374,0.46136082154201319,0.73896730658669751,0.37843231305442948,0.25265001267809328,0.23003698622787305,0
0.18160792958479932,0.90825767060269003,0.62281077937994389,0.58388706213864461,0.04986959268458302,0.8469937979460993,0.068681110799127865,0.84449335030004968,0.9226930161152731,0.43117394393018271,1
0.97537228471452897,0.015618871582259497,0.303175985227502,0.029001916247344273,0.033740192919783252,0.59125640522114098,0.76165760703055629,0.7487637755988279,0.69720404879127196,0.97608392417257084,1
0.98772913595234302,0.52910205742782479,0.73763058823935868,0.78832227337108796,0.24341513069595644,0.70758765494536457,0.3453118074227286,0.14582454312143711,0.23166285288920352,0.40584274212407012,1
0.10278189311293784,0.58686603263875503,0.79474514482604175,0.56857386995253556,0.80888093280883633,0.021283965965555374,0.48652252394718976,0.69783327142419804,0.5326608289095992,0.48401698150704853,0
0.71227241632435256,0.084940558367152863,0.062152930699791886,0.22201046821167059,0.41129513832719422,0.22006856979773226,0.79923381726420606,0.59755267397342904,0.13592682952849511,0.79000000321991304,4
0.32179566802393889,0.24762912982594565,0.82795176724395381,0.042429350808509292,0.37989042490771607,0.3983490403990434,0.68869083489083083,0.66200224737674551,0.38835097184804734,0.16307409491358749,4
0.10003649237085499,0.66437372671363859,0.38765681744766356,0.60375239241423029,0.34626668349182144,0.34380558100361824,0.96013581744374166,0.88727097563758006,0.57493822129395178,0.23109953617817991,3
0.31715456535839248,0.87776390111273428,0.46392308786735925,0.57085653009478166,0.60130326265925571,0.081036228169916846,0.92303206904210922,0.44507843119411439,0.24781236889800407,0.38962903663844561,1
0.58201968130950354,0.045644359316027061,0.50693872347948632,0.11829662537589336,0.27767507044981543,0.35073514061058986,0.83139740214758262,0.46165271719214496,0.70768388408015526,0.07066312976695277,3
0.21587346929745266,0.08643402816232415,0.84354080298014,0.27464866921518061,0.78474381088486977,0.61039235765795541,0.67597171168447379,0.24663177548526416,0.33389092787291197,0.025277594110974855,2
0.57889931779933324,0.7368670056552018,0.67603471318352959,0.4266949173631206,0.18185012180314819,0.069428704324997481,0.23130440525759799,0.18989065816050543,0.8170803382151598,0.34707436566306937,1
0.83857782569510042,0.88278058526851544,0.09628289527175149,0.65877445544991375,0.41128316362299733,0.72480157445719195,0.46458166491932762,0.78622849552257701,0.009998123259477576,0.3293778762707843,1
0.51697192089943678,0.77492037277199166,0.51308921231037186,0.90105729119260713,0.95352346354490902,0.82541636364119408,0.84976317890809772,0.78638061372405865,0.90546258457799467,0.80545130228673223,0
0.47184891303205378,0.32145676674096291,0.67795125295627889,0.25547113991530779,0.60364364281027649,0.95617587417520444,0.57833721540018623,0.96814070002540409,0.30254654168997142,0.062157880237572738,1
0.26887796081777315,0.14948552931569881,0.083572709034479997,0.36067936424887637,0.22115771593229816,0.70083523585871543,0.90920675417759578,0.78698812684982111,0.49082795693548198,0.29234817584811423,1
0.35103943308255248,0.31269006969838575,0.52604723145185073,0.76688466543905864,0.9999666181241732,0.74982324984165583,0.62756167021353482,0.17530717275522234,0.85500932085600057,0.041770045609540563,0
0.56821698889264038,0.098453051960239346,0.59764459721316132,0.93841632792621144,0.052868512430301329,0.6065999595309669,0.24800718311254766,0.0021975377977393462,0.12094728467077842,0.74688623525240183,0
0.15895953580630529,0.84306922850552668,0.34647225842143781,0.11635721219569117,0.30452022473034979,0.007883585524023462,0.15195292041334885,0.1103582254248503,0.050504442278613615,0.29803240903723849,2
0.64823940730341656,0.66399744598624821,0.047704710168004261,0.22846431720594296,0.84469351904043921,0.56087045086570986,0.021536147233897407,0.88412045046067744,0.073452964332031301,0.83244538902056187,1
0.7488850637976936,0.323161114922764,0.79117733212647556,0.28479895609773853,0.98095338366250251,0.027496508704052736,0.84022337606277941,0.42129502624586257,0.97892346611373027,0.94094824651573328,1
0.037753477771145572,0.10097014211880972,0.36716346149097256,0.054967207188577505,0.27641529723626934,0.61094046080443964,0.87740838816910027,0.78688048108928743,0.22455039136508737,0.71349508171353004,5
0.27047446593002922,0.28206493013457878,0.45503199207633971,0.4521082051571419,0.53567552610252767,0.57302247868870237,0.10897599839851768,0.95744931427733526,0.81737472701430414,0.63578289778431363,0
0.70133824706038983,0.61632030493449541,0.43270693703843399,0.54984574818267762,0.65254482764158417,0.1020638151455554,0.49063889174515929,0.94299335090332448,0.86420231477385634,0.42274614044682435,0
0.46380804819102761,0.5546359465181091,0.47204921677687195,0.26078667055346982,0.17202210251437433,0.35457047697008059,0.82522210936324336,0.56537703970018782,0.22363235618175215,0.21882381771112513,3
0.6261285883792872,0.4337339474225308,0.6751835431319323,0.05896336842268457,0.51014062175345165,0.075917959251776801,0.28748338101063942,0.79536396971534407,0.39861522711899622,0.57537515243696236,2
0.79574745537269975,0.70242022237963808,0.2323969012264272,0.6825997850636627,0.85719197004226755,0.70797761425473671,0.31444787506306893,0.1139181183822946,0.56457253056452517,0.22357431081468493,2
0.1299454380395384,0.20473953307980053,0.91637593151886887,0.97905502132985234,0.0086248792715640787,0.74372578097569131,0.26808957526668353,0.1643652747319736,0.87816784458891739,0.092522393016782445,3
0.47418672283766805,0.4389940381895685,0.56302282897369693,0.6898367946199595,0.10691430257555157,0.40762337006814742,0.74175960991912659,0.24671258037982946,0.77905312562759066,0.1935512354549056,0
0.6215686331459247,0.40641126036229613,0.7289615364270674,0.81734425171980263,0.78780734280603393,0.78533654105949413,0.61246541506632812,0.43148915289888556,0.73315076029609305,0.28057157762330809,3
0.35841689675742439,0.94312652413714848,0.27015113705216187,0.4080315061992027,0.42729609579915451,0.01020234530389863,0.55079822605784923,0.10298813285787811,0.83871336278185393,0.78330167835183218,0
0.32855830195321101,0.53800550478711706,0.82554907015777534,0.67426273664538161,0.1476944982337477,0.66004654299219889,0.75909378142064576,0.73498163940660599,0.60121911483499368,0.49168157029025628,0
0.022439376098116859,0.86885064444073556,0.14065006884031317,0.22749901199023137,0.13704399652730448,0.56989716460842987,0.48599345814979655,0.4068689266864296,0.11476770892129617,0.34336950878689965,4
0.26745211011473802,0.34309983698932001,0.22619782511353492,0.032958510250937656,0.0030396338470555229,0.0025902264799787522,0.095899766302531275,0.39025283225491636,0.14512612536128988,0.95532479763922162,1
0.051515205900828032,0.55192797390936088,0.049771704317669307,0.32041147947708748,0.55805646189925406,0.63338356539592922,0.61448046748899021,0.65371752602261624,0.83773430149446826,0.43713343975719798,0
0.83010036600743464,0.87371997463587414,0.15435532506804339,0.75940233871267404,0.020958375638213012,0.8634585761318665,0.73753374674886707,0.27778425010162777,0.11004651615911576,0.10584823261013887,2
0.075325467042047345,0.57866211479471041,0.28017006747430262,0.69776526629741487,0.47929732060053498,0.60687083443534517,0.6074882586601269,0.081764569236909446,0.47227522001593247,0.97324167396677852,0
0.13457673274277249,0.80473497692684703,0.82896431235779844,0.55520331287284186,0.89831289792410374,0.54891797622910832,0.018753836172508587,0.81358939701511912,0.83142772316933178,0.22029662643285486,0
0.63369239984056769,0.49194738439235042,0.98148200626468241,0.29265361209890561,0.10900197254693067,0.31986467574550581,0.17636028144000504,0.76870073485321389,0.28642630900919608,0.097440892292561587,3
0.99990731147021028,0.72109961493668218,0.97074080344947111,0.75651431875834385,0.25197915376223101,0.1187815025428528,0.64672187521222413,0.71105523133201953,0.64950224631587639,0.032883505008819314,3
0.4074794818808215,0.016217142962920095,0.23689384657133861,0.45972811262981539,0.56944993217679873,0.36263230075731356,0.16325215207248778,0.097935975666251673,0.96260243228910425,0.95713778736462352,1
0.27830353547305553,0.56387986417556069,0.15407330077860504,0.48573083468590594,0.49853731366921927,0.7313918882172733,0.98879879775126356,0.25288400977337655,0.44589936648504891,0.36774660232015521,0
0.11909080351503432,0.23415008458305786,0.94047969771372308,0.13092007301925324,0.49788430310826048,0.97285032171631536,0.74574734984509627,0.46286207043706706,0.30228907214883172,0.91383916628568818,2
0.8929143710743207,0.5272820796032045,0.98941721436674501,0.74088524693932567,0.77838431958921539,0.33447855022591655,0.29692604495243291,0.28922360378475565,0.35650131303245103,0.62813265915701622,2
0.22839261334232142,0.78585673916504362,0.32026365909166232,0.18621117425341971,0.40717067576595167,0.41262490504039717,0.022395744129219519,0.33989968640120649,0.91450614522138185,0.83207768724358178,2
0.42277372814263425,0.57853577200695461,0.56031454012437398,0.011539080395379764,0.77413492843660969,0.44209171242495038,0.94632543992680729,0.25144635367044288,0.79232137210778053,0.91380538940534828,1
0.88625749966562029,0.53618197800314926,0.71299876897224734,0.43475261036527912,0.16684957389984667,0.41404674444337852,0.57163218323633291,0.93106717910044146,0.077663134365601794,0.069455178079780189,2
0.87672097284663586,0.93257582566040031,0.047986425523352638,0.066009348982836058,0.47809976503215146,0.89758635429149747,0.81397930801635732,0.51296500015908553,0.046784228473445211,0.94322502805499731,3
0.51595073193990515,0.80032377231232188,0.32787813209964423,0.98058052985376132,0.70070194327706192,0.15583144928122783,0.77468815387061374,0.097600401195648501,0.31916661010268232,0.4336060356512379,2
0.70190554946701644,0.96372427736846866,0.34260265158542158,0.38716634366122726,0.44482801379216963,0.82254843109707365,0.12915727516904552,0.044047523079222439,0.39103252864312965,0.61434051337413298,1
0.88548997368170013,0.29790584122124319,0.51982193928992004,0.66144093090343592,0.45072897456517513,0.38720708879644949,0.80061789940564598,0.15900684023093803,0.84223476881047499,0.045750934289551903,2
0.19640323115823533,0.95019902131353906,0.37516949432684832,0.58557338707060691,0.98167770594707815,0.30732316779611402,0.00036654671993452403,0.21757833137313709,0.76289311950047589,0.8801683582226163,0
0.24668226408058513,0.83466668774530151,0.94745504111571766,0.25839315202890933,0.75041289974688341,0.9848556641411147,0.68471218721652061,0.045977462546366255,0.15938726330963748,0.89957042129787956,1
0.60035402908349855,0.3605570978843976,0.15524131691341692,0.72929165643195848,0.6843509079454887,0.47225254354926893,0.74100687734748627,0.6082368918862997,0.67118154962552357,0.94166332241536732,2
0.10812059835780485,0.27329654347085985,0.15119787355059444,0.78856634176285278,0.10962504253297045,0.58703368812200951,0.69612505097299349,0.38938178519126121,0.25658138024223587,0.6813647315081377,4
0.12249189788874437,0.81008169387015594,0.29535620522777595,0.12080274046445916,0.80150302350408043,0.39125738510281727,0.73441587840907385,0.16421038388332476,0.54292525540314418,0.40799683495016026,2
0.72452507515358566,0.23171431559713485,0.10963333655308738,0.91110496969085464,0.12242094981039253,0.70871169797594946,0.29382304652044433,0.68888965341013209,0.055061194631565669,0.84003167496374032,0
0.63404413745391675,0.84797765063303354,0.65129198864647952,0.032855875607769036,0.59326559009129853,0.24656751032757873,0.71254900686901312,0.94812848348899126,0.27140545440488484,0.79880737275996228,1
0.82166635160589552,0.57901490344971474,0.11232746233074564,0.88741511301893694,0.43462392177742348,0.79062811683228862,0.45401326714182499,0.59028950651932466,0.4534628625602739,0.46329774955680114,1
0.31633452571871579,0.13174331327066524,0.26468785721219479,0.64042216956396947,0.99912690929158809,0.026883505019148157,0.67512147717134019,0.85601919656370673,0.15519872563165116,0.17588338805361536,3
0.83639323178127489,0.67493544140959261,0.18479259356305211,0.30700677780990293,0.34099560563360198,0.73876673595172571,0.079308608398588221,0.36118053260483318,0.87346793249848087,0.61753243709096195,1
0.62096364980210494,0.083857990859109943,0.13175405208869329,0.082126685863364135,0.87054499807169761,0.94219365012376077,0.17701935687447656,0.55098076613576485,0.0097166071691842104,0.44397874609765153,1
0.20552869666301121,0.66354558439606282,0.43409554391088079,0.11247119497966485,0.50046062241695422,0.36683049752940555,0.4051607290506698,0.69620254049118746,0.34892349759154317,0.84114990609213969,0
0.1090151645726416,0.28314831256992945,0.6266113834921635,0.14796935498774721,0.55651757754029485,0.20485878244485289,0.78989788903837532,0.44891112147434342,0.1440744302311413,0.8615105908894134,2
0.40328407916012343,0.12633356074864366,0.28816408504147639,0.5192276758296942,0.22137238045290619,0.048935173797322817,0.55080299666252619,0.5301307553527641,0.43954500367990379,0.27403883939581464,1
0.78295771266703396,0.89816968540994602,0.13965258801756453,0.57734929941031299,0.21435610523001636,0.048237152271250916,0.2416693173916582,0.71062431835649575,0.87034638504910422,0.10399015014746116,1
0.37870044754766163,0.68133318497888162,0.39868374528719597,0.19654958609262296,0.22036706705879361,0.19679367135327919,0.28042427783624635,0.29457103169738474,0.73894593377048934,0.76283026028105305,0
0.59495444618775339,0.43172698085918881,0.36762991428748215,0.96484422687027527,0.52343500071179516,0.9775139606701484,0.15198101799900543,0.32684360585525096,0.99969093110840179,0.24848745828837704,2
0.68206301721650375,0.51141989416264333,0.62962785564244528,0.48497939196032658,0.75709368065131677,0.091108113860407514,0.75133610030761899,0.034631997493007938,0.91806114712636844,0.9290943042234262,6
0.19317606468605442,0.36530047067973326,0.56807326780274181,0.21272400052531382,0.62529832190622936,0.14880553746685588,0.83795906138549203,0.40060856164850445,0.12367181623337242,0.25579055198181855,1
0.43451146527833862,0.594535756770875,0.82888233365428277,0.89577790095367704,0.84489075324397667,0.53603993988416787,0.64846956919722809,0.73000179242029073,0.2278822117092244,0.087492414948053931,0
0.49819592126378442,0.061073632963143054,0.85868848080916216,0.14364682899207115,0.7985744051389877,0.9285124782420705,0.27098182547905558,0.20476813198763744,0.87678127727484179,0.58990688746610853,3
0.62763675982166534,0.63176750805013748,0.43998315006517075,0.92822095664379578,0.2652801746428145,0.28687411505493443,0.17266955905559822,0.64778015378101006,0.32017198934150581,0.29626486502447391,1
0.1093360774772103,0.0046282813159707059,0.65639151108381899,0.73444975360311104,0.90935219040851412,0.74073777743952407,0.99622723991834117,0.81541640750913613,0.72089336448444907,0.31675860488311947,0
0.50371986060298801,0.68801192213541762,0.73464718761895453,0.57929931517508737,0.7006134453950732,0.83579443451941726,0.21702304903018799,0.69252929485114589,0.53521236725160692,0.82681483104905762,1
0.73664466963001651,0.26324083901084383,0.062684891533906661,0.44164111650861104,0.3666203175203272,0.4988099642938274,0.46110520287577617,0.47374269750612175,0.95206100686988893,0.1782399328755544,0
0.89849665751660301,0.52152266368256883,0.49938687485995992,0.76860725564650356,0.96957977665756989,0.48463111761573929,0.67436819218528177,0.21218999142136019,0.36162489280287713,0.34224853898255225,0
0.38777247019141503,0.85597385141318794,0.45976247367358547,0.68890348314477701,0.068616736230677655,0.40581850838066613,0.82008736021240913,0.45142398949752138,0.068361584869293002,0.21562579551612826,4
0.98323312958519071,0.35304453712676709,0.80430147174654398,0.089307079078911222,0.39676788709946031,0.82674264154824162,0.019001015994040249,0.60373695386572879,0.095500708699423953,0.04325488501875463,1
0.50608608362216045,0.11999368112415099,0.044188434942175947,0.42807136486663522,0.58718014839816757,0.04654225912766885,0.7156790712902672,0.54865637382810939,0.97107841157137531,0.15906636774315308,1
0.51106974186093612,0.12560363091644733,0.29889524257156097,0.53093354509660173,0.85215935108340757,0.38168557856117313,0.85317896153382489,0.55008783220899971,0.392318447149962,0.73570636721469307,2
0.25774305638061545,0.039929522314686494,0.9800355145172398,0.25668473477655407,0.53554941833052638,0.98730962451152127,0.98496967638795563,0.27366081069464265,0.68231485290201077,0.22196261913674009,3
0.36494126726932086,0.89847699061955888,0.065866488642127741,0.55211991948513339,0.43187815358197901,0.24372198771517051,0.46949826202217149,0.26935481740155798,0.091207242701263458,0.16890108625827316,0
0.87122511723425067,0.82020128818684368,0.88427463506242066,0.16700106642923385,0.10706022787595115,0.091523383578834938,0.58605271470972997,0.033098480452231516,0.25201774175888092,0.99233407330667944,5
0.85483390905653778,0.52295564862201049,0.05422836372439277,0.48194284784733465,0.91785706827112368,0.25491956562684126,0.30822640074161278,0.16324555480556557,0.33433042947880931,0.019193053332065113,3
0.47542799886187481,0.99786372340739893,0.54575919632189984,0.7808169183091801,0.99685765305589658,0.28872294930622977,0.51486294266172061,0.97353984583673836,0.78616973940754475,0.78788375965820512,3
0.48141550305929248,0.19374145185917657,0.65320373470489324,0.75174541327484667,0.11660902710271592,0.57419632915560181,0.32483917781528204,0.16402714412934949,0.43092569888013987,0.77942873567057491,1
0.62375185721706239,0.13109503655869814,0.47339999232573171,0.15263336157537932,0.2293947482900397,0.73164120350770001,0.84642285900947833,0.01699614749503664,0.32527154277318582,0.92706855529767696,1
0.8384968384715541,0.75007032402598739,0.7949764481996372,0.22010778429171773,0.39175197481575019,0.4567669879410533,0.090960991093572252,0.63092400241375723,0.34305162783637932,0.76989543770602553,4
0.28991490148476773,0.53450990971469881,0.65236508981864116,0.059800206275577139,0.90604764930675974,0.85379029222709557,0.0098374981582508569,0.50243782334624987,0.54982650094501651,0.02158995917387263,3
0.15965380911505,0.99386062653418561,0.38106445388745569,0.70952717464894166,0.8344891500079209,0.23785347637355425,0.15016734824239053,0.052638515606581837,0.81363409504928119,0.058426168072501561,2
0.86489645813158966,0.65952852073151469,0.92123983728009984,0.58656079933173488,0.66703627101310103,0.13218057541525796,0.86770975472693179,0.46886848654213698,0.29868539739109801,0.35937537286284271,2
0.339921416442031,0.66057828703523658,0.91880389097944459,0.83958382690069999,0.80405950714729479,0.47382487232507731,0.84609193889832246,0.91731065407643286,0.22562628994588152,0.86984913207384584,1
0.47957776920774919,0.7935146445324095,0.73463973725562359,0.47379206784473871,0.2333337689261894,0.66888261697464768,0.86264470450116437,0.8282649503786178,0.65589610736383452,0.5205251920273577,1
0.19975874653025738,0.18642402941177616,0.55275374893282092,0.13155437663006986,0.87934309923016696,0.035581172714838627,0.19896801106598649,0.43301962852036435,0.90528938105077383,0.15349183730424265,3
0.92861494398796529,0.30222740284753558,0.46973297713208939,0.030744332178578637,0.68970733354106628,0.003095393159768367,0.14988424066449013,0.63350828905218282,0.56527113748904056,0.74808342660613047,0
0.35220595507660246,0.74506988993140799,0.80807764290449002,0.19198821989486492,0.42491448772346785,0.22388470241653458,0.95487617817104831,0.23617181792505249,0.52060405822728306,0.38077071310281418,3
0.29047356944862479,0.63510867828057505,0.16997778775820582,0.7443241031348693,0.57609125610217071,0.3048796013611681,0.99783877813112054,0.69759171638604323,0.87182105962025769,0.67491706177346089,3
0.23014081719028745,0.1909322162756939,0.39272121581454378,0.67780439314259666,0.35825346087241505,0.9372268780191424,0.4123300575495713,0.60822978243710657,0.87765583575243278,0.18101188825909809,1
0.30919793285114416,0.41050990285587097,0.08758359311967745,0.19286804464288099,0.45506219540922854,0.82541000786090135,0.67389454284847883,0.23093135080444138,0.29868528871811917,0.90196303732112437,2
0.68794105553694407,0.14326617004996733,0.43126378909418595,0.464893854674714,0.93917867756965268,0.75549223451195857,0.064301503666897797,0.90383177063698172,0.2962317106373592,0.019897720066127222,0
0.25496085234239452,0.9837403203764451,0.81678293912402788,0.4380214168555806,0.41878488179341211,0.033340233561692689,0.64566444024893799,0.7816419512588072,0.56936645406648878,0.28932856180045452,1
0.75809066943430359,0.36925261811259191,0.73774893856468471,0.61875194627389007,0.97794747708675733,0.34596138796557263,0.28635229576717047,0.94468158725420182,0.35219187258684748,0.88743045145745336,0
0.81119984389553967,0.43587228588264493,0.37388898594386266,0.30982135439105529,0.26572659856827707,0.68161364086784271,0.20025862479288925,0.6404657752413071,0.95786568565295616,0.25392269395817268,0
0.30436954057977572,0.81000465051744375,0.51371098149416905,0.28347314622596487,0.7480642822187048,0.87965099968610916,0.72181831463923152,0.70994045117796933,0.11573436786521096,0.97882405663428007,5
0.096907664831341833,0.79535663254935951,0.015787813659834393,0.88381962894870791,0.16696318671349053,0.040410263168273897,0.93321590169251212,0.59461937368564866,0.3453947770976048,0.36446909676954786,2
0.096379727919940539,0.90244108975994364,0.52530652974694581,0.07576066223464395,0.39976766702663835,0.70406522398532889,0.32469780335820331,0.79742691042155012,0.95885489062997942,0.26989518723854256,3
0.078524926830185082,0.50739985466684556,0.52219697985623548,0.71848525727985013,0.89851772519918083,0.31927542015267818,0.027353555064624446,0.95786191965675449,0.24854826964930055,0.45989839435104685,1
0.29723933155478544,0.78951811638778635,0.028250763781686894,0.81282406957174569,0.56139833436452635,0.27357270881125351,0.56127098209970372,0.025372724570354555,0.1860571136583109,0.85382200454024548,2
0.65501499116806639,0.97369391797697225,0.21535373694264615,0.83719758085245966,0.6994549285466809,0.24145919974756369,0.30914948361429551,0.50942409329072291,0.25575226244987259,0.28009017326790309,2
0.18760329344817561,0.85899267161789639,0.75694764672196224,0.1426546392214193,0.42069525268113717,0.061920130664153361,0.85939946735609329,0.40399922400842625,0.73263559790986232,0.52682525602688668,1
0.21024240306722963,0.39996312590107297,0.43356389884081514,0.022982535717372521,0.29265984423938973,0.86542449805283383,0.34903692492044269,0.67084955953581749,0.35434944183612771,0.78503223240579345,4
0.30862252777731725,0.36086429653539998,0.69015379082815487,0.46452861280146085,0.92560683116993425,0.99474296837511167,0.86484474656514898,0.049625796223979446,0.18866735398280698,0.38057555368521823,2
0.63452191264408297,0.84368854160230378,0.79630804834982971,0.43560011633619555,0.95094086084757101,0.59956079422645225,0.63323222741571683,0.75979757607584264,0.088823768797586244,0.14675442336614075,3
0.73382484342812804,0.60837734048151526,0.74710848639063732,0.3724637670862172,0.97128721182931821,0.81307600215905929,0.20164899324072705,0.22813610812184881,0.7421748767810552,0.86034351519489383,0
0.99297657370140413,0.88072633450393101,0.58159015788920043,0.26277648477680027,0.042398039486411965,0.78806711968499021,0.69737671179196659,0.37015576107127357,0.35822113988384174,0.56415072116199805,2
0.47079309882026421,0.51312365378539038,0.091620295053396639,0.55894606669385727,0.37696858603225425,0.6166692018995048,0.072365988747343346,0.67183251690122403,0.77482914161246363,0.78235562770347,0
0.81512460941859088,0.32127886326697375,0.85662650475926083,0.46831103131598728,0.61149927062156384,0.51613320007757679,0.75536754575269738,0.34716019504720907,0.69825902723379174,0.98125880406104582,0
0.29913211075272517,0.09690346176343001,0.17996907938076212,0.11897674315838369,0.71281045493493755,0.68037664153870858,0.14326064748033462,0.093734913155318011,0.84842690119580022,0.61171788404490701,5
0.85714569888515613,0.96784680343365237,0.041474930819592859,0.1672305197702294,0.64689846967742137,0.67587253112063861,0.94763570165746225,0.058533378997962959,0.17452309156144319,0.63437277761077793,0
0.27533797986426878,0.25727807109819434,0.98366126991956548,0.23404530752721686,0.82402939421028887,0.74767593940807164,0.17494015067575963,0.97281402606942258,0.28143213938444589,0.03040817997727685,2
0.57604400617068308,0.50942333215476132,0.98016905112976949,0.25365231947497469,0.49805293190501099,0.31115021417859712,0.018024723567414469,0.8646565481678179,0.39972183611892909,0.28955506432969569,7
0.45715653055437611,0.15636181885314093,0.93873381761411379,0.38842190735481263,0.41631513844125401,0.16509045473067308,0.92581222163261301,0.28887316795934947,0.87709901354530162,0.27693202225688762,1
0.2541282423612522,0.80691425036783515,0.063625904881607243,0.69318885039855715,0.83153954022018994,0.89887305426276665,0.57628651238438433,0.84829362143273712,0.62717797023889577,0.72393159362240234,3
0.063331847351239978,0.72650933908253135,0.21955581781966083,0.70265189050635279,0.123073920198423,0.04207974710539486,0.22691703567496313,0.5797898901337647,0.27086923410369113,0.26950851138662546,7
0.42854845526721619,0.31441835585884648,0.27808084300703328,0.23186139675215967,0.40260812980056015,0.32660130234612272,0.41076005710231911,0.97386161344705113,0.8916421790852147,0.48270353556464873,0
0.13947904273188061,0.60971424376888139,0.29399976509053027,0.9728998534556027,0.089915668675138116,0.29756435773801926,0.24093337068425746,0.88178040442367567,0.80161687454251251,0.089524280451465321,3
0.54726138180423434,0.35208213189147231,0.41643405934419742,0.31057471521345004,0.20348066983811375,0.52557279232167908,0.53934287023339622,0.69932994523980707,0.45329317115081136,0.33181462732986833,2
0.46434760406404785,0.02938749215573766,0.81149216612022668,0.9353843653040036,0.076341344035457115,0.86304858942942886,0.14081376166977544,0.8061172914527539,0.78726810098539723,0.56193356297276376,0
0.80955081741448232,0.18916797486117387,0.84051572382811313,0.94029820396354402,0.88856869542530692,0.46244156492943467,0.099226151502103455,0.88738515419267194,0.33401278460743089,0.58414143208145786,0
0.58438066710462955,0.97876276195561784,0.14713462662414101,0.025279312116180841,0.64382473201954149,0.044832953687081067,0.45333397168397294,0.833354757366638,0.30713487693847252,0.43044641770749636,0
0.0092354700391824585,0.3453109981693836,0.22258975156468686,0.29641700768298351,0.30657646248217107,0.77201025405825896,0.74940934585038554,0.058729646923036949,0.69990100468283467,0.66112073819983574,1
0.55393551558505427,0.89818446268194785,0.68750410150229913,0.40523750325925789,0.066715100095375846,0.15017825359060255,0.35932167185357722,0.55546770081495467,0.46809675770661974,0.24512262138166852,2
0.49511447121557872,0.23435465304275871,0.44814582866267971,0.4316694872274639,0.082764090242554045,0.31835258265268895,0.75021479066860663,0.40493684703354482,0.89427253633438775,0.23630834918235288,1
0.98900196615674707,0.77086214473382508,0.52401790141148308,0.52768717973672785,0.26603337073422928,0.14192183763805655,0.87733763680930821,0.34510556017885541,0.50920370939061821,0.58330032167839485,0
0.35833852450616943,0.12067881921669177,0.44309367489832441,0.61579456865679316,0.39740027291295588,0.17027434080156634,0.039966103230715588,0.68524982098786946,0.72953570290594116,0.85308062557251618,0
0.38004282096310193,0.49374843175488425,0.69487621904068919,0.91062924389674937,0.93053063898456001,0.54282725371201068,0.41629749384688075,0.15135495668580345,0.53844265246541601,0.093857935118946578,0
0.78391677474371457,0.57516477475647365,0.68267199655070521,0.54858276316458721,0.83690783220816267,0.3391547436829625,0.55829059037024364,0.75299834024010581,0.059821605565782643,0.082797520781642153,1
0.36950995598474823,0.41827705875920618,0.65655604142375179,0.55188292401429773,0.56308798544372463,0.86272461816910462,0.99962733835464668,0.68823738739570184,0.64984573359904807,0.67339013568610506,0
0.81169263286791993,0.13728920676165091,0.96692591790895133,0.64474928198406478,0.28790733648754441,0.86554203685170583,0.99227047302871774,0.52195776901611179,0.46148015486553584,0.51501705326044922,0
0.074267430192807682,0.089313157093148465,0.56998500552729281,0.75629590170219441,0.0021080890088470694,0.34022241962881394,0.59043452041110034,0.92170559692623832,0.65479230898383689,0.58336927695000462,1
0.52674390322393894,0.78018103064159738,0.67466895424998308,0.48199651847050762,0.44464846787943813,0.82313698319057715,0.79999057366967197,0.56338294272941647,0.88121551518236452,0.3513948755302414,1
0.50598684169693287,0.84003545031872684,0.026291342972912801,0.83591488904546385,0.17448369796420127,0.88577442055604394,0.55369003691935426,0.26056919029298398,0.38340839924624626,0.66357492942582408,0
0.7879037357847305,0.80504812064609277,0.31200738016891461,0.27539057568097003,0.30888769347194878,0.54915837110045695,0.034094608292417061,0.23640922822322263,0.87786433876555681,0.20091794491850801,1
0.88882341041572643,0.9504043089647114,0.76764765765271037,0.41626098986799953,0.26489911671938815,0.2504669142469873,0.36989813518579839,0.3793243269478388,0.48002908731834903,0.89255161868567257,1
0.20229787115795195,0.91747977850295848,0.36581493931578424,0.7695558874505023,0.47106624072169379,0.28669925575617206,0.85241849038721029,0.97053303157179982,0.073420030179486728,0.26245259229242424,0
0.47827262113806357,0.53317055251303835,0.62854133798400491,0.60970367132728864,0.64510400529217493,0.9493003380373759,0.4871772434796301,0.39324772523610552,0.20777687947525181,0.774979308271594,4
0.34500922037359061,0.46994485093612759,0.80713796163227869,0.23622500231817145,0.7687873091627887,0.37485869250693904,0.96568116211259913,0.070108398260243621,0.93304616933345941,0.34571994198974976,1
0.69372780104144693,0.90823455747601356,0.049931163126904932,0.91957755589391565,0.48126681408608352,0.013814278469599595,0.79142437569068758,0.12001610380111205,0.0038212666938022277,0.32340400813614467,2
0.44281469287738406,0.061925718565282284,0.60807557710273241,0.29076817348484141,0.6369406614524179,0.44122158510696485,0.26135735552013528,0.061747547257890778,0.89825889444378237,0.36310633374999002,1
0.95293583855800457,0.84653072482884939,0.63775542219785986,0.90509919113180104,0.16749343600398992,0.25834008946612619,0.50576367159580116,0.6166036060074076,0.34151487223155164,0.14357072670152871,2
0.86552009718312528,0.66566078641974458,0.87129679399447213,0.41193356662986669,0.62992817621581221,0.67942535398377657,0.7153656666659588,0.50090638980390878,0.71417934863447308,0.67725231987210421,0
0.87960292869366119,0.22915415031496023,0.69662340372539744,0.93677939139195787,0.23204070286542844,0.97750523744630591,0.3659038412211727,0.34724825889581212,0.6064232582119593,0.81425031467212272,2
0.66509779787925238,0.73674188740174007,0.96821767846413909,0.54090742531562319,0.44005583658338931,0.094355571659030746,0.2773883471706966,0.70698208308639177,0.10008564968624734,0.46689119293600723,2
0.50142776733508387,0.035781279138046296,0.079905329926123869,0.56757356491663258,0.11090398652748212,0.43716308453059849,0.64904515966686971,0.83879839063499906,0.44276435865519659,0.69296674890001642,1
0.44623160977789578,0.10283921776219718,0.049604113564204133,0.55381932754164365,0.76503299738722519,0.90538647839347908,0.98466248101225462,0.019176614171970696,0.014344281055979624,0.10388295863067731,3
0.11282059622721585,0.66352356620258024,0.10597727829571379,0.69805610780464289,0.046792742829735223,0.78388556037910917,0.57007306630341803,0.40910117000238244,0.12681673440106667,0.54968331631147505,3
0.69507957063991677,0.25690689589421656,0.54764217482221789,0.91123727938738031,0.65666540088209846,0.31428577787942569,0.62788507620443035,0.71685008021105712,0.63649931550611416,0.66780908175830467,2
0.53014732504966089,0.20617341553820423,0.76670489266222686,0.8928714099772187,0.67285620290136794,0.88186224821808801,0.97546644175736519,0.55467912510863171,0.47648989967300082,0.93166225237583311,0
0.99191635831021618,0.91962281333191498,0.92568103644761335,0.49770491511116077,0.24058727554355874,0.1847696304048515,0.88990050983898417,0.2097966286406393,0.66125081828108578,0.67235105312999854,2
0.22899998797946608,0.99571206871746176,0.14193628676235981,0.070652949294792267,0.2627932280314077,0.7503512885378526,0.91119263646541815,0.73413502568037481,0.9535818285036276,0.5588819976255518,0
0.65662393976592537,0.765942314840523,0.72894980292917855,0.42875780702654487,0.14812085130467645,0.32344534376196576,0.52667693018925665,0.74984844886982993,0.86624096382400728,0.46157204934136842,3
0.52238137585474009,0.82466427473476778,0.35117912778571081,0.19602780406540721,0.97453654845007232,0.84440140118034357,0.17724860903882866,0.44676659642725636,0.59761207316676235,0.55076663750799915,3
0.18368170373685566,0.97777558793067387,0.85322666165228578,0.89726485280063228,0.39284487793285394,0.97352414985512115,0.40395187531550714,0.9808092800492334,0.38948130897933531,0.081536363373463816,0
0.14168401765805305,0.51052323276718392,0.58205151984452352,0.48474243520634863,0.047677021678497966,0.47567814861606994,0.589575612334722,0.49214861476449023,0.86751985044058622,0.20902166847514614,1
0.53403619242936862,0.37052235366222852,0.83467720444905036,0.091474629836436838,0.3547675416300462,0.8765282819771234,0.75906539148420016,0.72097957191788176,0.023073224907420697,0.47922687646743811,1
0.27549085520728955,0.56588056521364194,0.73718444011774931,0.23677847235542326,0.51495511455901932,0.5958805941492108,0.47205965046272036,0.69641677516004008,0.96548785863186593,0.34835138022350809,1
0.94540734429368301,0.39923782956592546,0.46506280486743634,0.13154007633396392,0.89077488969248309,0.59671874660560653,0.067493648677492191,0.028239188656617786,0.34478696816993659,0.89679721252336575,4
0.84069395786543288,0.60585897384933074,0.48882783869007262,0.67859431514644941,0.29421906289803845,0.35838154937276656,0.025505279467138098,0.88062180332763285,0.55414788699142925,0.13486067304485239,2
0.60398025045019255,0.5954432607794391,0.33962941122483015,0.46737024610037159,0.75617523661630093,0.89241467968139765,0.024801030483361908,0.77804723437512791,0.63499095171848696,0.74715313728484634,0
0.62177660555769476,0.76606062004443931,0.98362661184352784,0.43249160239594453,0.55718795270176313,0.15821890910262348,0.39402709761910548,0.95330415797937584,0.55935668170479436,0.57512673028425809,3
0.13940244733835605,0.79387943867654787,0.010276534743261068,0.53813428901839633,0.23198589767053301,0.51223805541993805,0.79375348524524036,0.61696703510860129,0.82971919981566278,0.26574295601312303,0
0.46814984417015704,0.58618096518023111,0.29066667069827867,0.24257554177101581,0.24007923137136788,0.78185684933060118,0.65142391791950482,0.94441176508035352,0.45383081859563434,0.1230960347619966,1
0.26032425527730674,0.42512581074808475,0.34834958024733187,0.85486711339585764,0.1678457966369572,0.34474403490819194,0.38242819015310825,0.67259625214110608,0.93327388123242272,0.1219573005327873,1
0.019840419097276851,0.33735028836711034,0.18938581813976552,0.32626992655584408,0.5175551727812493,0.80844486077783795,0.22713088406448922,0.12689885655185995,0.86113206075453885,0.56312737663852075,2
0.010391466622520995,0.52180202122843111,0.75463157070810305,0.41722087068557834,0.24650604162776391,0.91105497819767656,0.27839301558814189,0.93813893831830208,0.29359437769054519,0.2798331087499486,0
0.92322286613651949,0.35403524024142097,0.18445824800428601,0.91164989264450491,0.9428677015017074,0.99844689798201525,0.063929854200989289,0.1948122322571425,0.55407591533282918,0.055829404372163105,3
0.77004968523908213,0.21886675940580091,0.70855920282939144,0.95686473416468643,0.09454553266797372,0.24177386741932805,0.47917978300198305,0.48396645702215924,0.43030285035347993,0.42223298573473811,2
0.97007014574147621,0.38849847689512629,0.5438472612483326,0.20313382702610117,0.9798321550969088,0.18376373017281933,0.47136214611292682,0.86756888795755882,0.70529406121849691,0.035067809442602904,1
0.68903885523917863,0.24273783993393216,0.18717744290252469,0.11736372742698165,0.43764280788702115,0.97327481457191511,0.37664830384947401,0.56811119149232858,0.059851863229123059,0.98457962165890855,1
0.51493042314702808,0.59830696386886151,0.39503499939415099,0.973432627165977,0.81109786765170211,0.0069607704666651005,0.41047599554653025,0.96373402871588032,0.82507458692796665,0.47594073500430345,0
0.98272491096302794,0.80542420176106422,0.74784246392189568,0.13579303544999088,0.099393551639457178,0.64635794389447365,0.46674615260193342,0.35217162156225579,0.22044570366259741,0.82781994657885716,1
0.25883288126327486,0.20050332472398202,0.91529044055532505,0.096299308809126072,0.93412367080313896,0.13942136094166491,0.0084216114296122857,0.59332672950663956,0.13826345523521266,0.87239067102284618,0
0.34590070751930424,0.85288096702269678,0.87785279328429822,0.12690174745774929,0.90404593057268667,0.93082909296077243,0.66175756507980599,0.88876409391750588,0.81482421250108916,0.5718962538723994,1
0.33307158795491587,0.87945037170579876,0.16723503369511916,0.42293790794535435,0.95976131099411666,0.25358713663892518,0.11087816067301071,0.63555974140506277,0.38524538332834957,0.87406064071902256,0
0.31160867309166429,0.23267561440839557,0.047315670325263182,0.37460891322140388,0.44201927410022412,0.043686354777324188,0.65533161042716914,0.47810981222939231,0.68295123342448039,0.36137577362860096,1
0.96323407361931912,0.29678847843308165,0.70967603070701368,0.003872980357990774,0.74010739797108493,0.91995702400665402,0.010510533839532488,0.61476696147021259,0.027474532746435631,0.91275961998080735,1
0.55817991173742998,0.75779953052570526,0.97167622274709053,0.49581338368064809,0.11126643268281511,0.60561596833485265,0.79516620467557009,0.82158638461771816,0.12496652121501384,0.15319861442181182,3
0.65044992481833253,0.95330597476844436,0.2299989544787111,0.14234025484268553,0.72876981093587245,0.29246479183710727,0.91770485787768552,0.47773791596816828,0.075295403006570338,0.95872507105427618,6
0.19037084383971092,0.70207882492687013,0.62494582659589526,0.32390988507749729,0.2545625066854823,0.87472414385518449,0.46913844581762998,0.40877916938171577,0.42888058703463627,0.59318878469262171,2
0.82770602866016674,0.066754899482841634,0.36876997773637177,0.59234351264591645,0.78537308228350577,0.075086842870376147,0.71142317677037981,0.73915397566597718,0.052589932531736605,0.93986761774179273,1
0.83834005504802922,0.70959028784742328,0.49643375446309868,0.87331197748476486,0.63086127692911298,0.77476329017349799,0.94663701360228059,0.47640704291998637,0.53233005200663441,0.62715002491717498,1
0.35361579999768067,0.85492126633714627,0.875934423956096,0.52502235730599034,0.61349803748957588,0.74442636249433958,0.84238023881897628,0.97883484139128962,0.27083714271530357,0.0040179606111160338,1
0.39193663449572569,0.1810539197844534,0.071151220048918717,0.53749165958333822,0.96154200325966377,0.61151146578354809,0.76624854856361158,0.83919414829237271,0.14060547614888452,0.0017976851359844392,0
0.13012658006464506,0.097867644281970367,0.46107693491865009,0.7429932069682128,0.050750267549317996,0.93049034238306982,0.38349602142482053,0.91894730697127291,0.14303134833816422,0.23156618422095376,2
0.56215646558745347,0.039634946991871645,0.56335829884370603,0.530851609881835,0.75255313953577541,0.076654018413770841,0.76366482991904572,0.1077843682463252,0.25788978445988986,0.64378384780628972,3
0.90100384997410043,0.94767150937510269,0.16978493560230734,0.82617403196950612,0.11191474932309442,0.85098122801382126,0.60222668892837772,0.58310957697836685,0.76627115782575472,0.86010442228370931,0
0.23380506550143976,0.17616394531963153,0.14060229672074565,0.061044057816847741,0.65106216475082224,0.7659810332647784,0.75659634797096498,0.46053231988710031,0.74948437069657148,0.98097942820055561,2
0.53087792971653147,0.40115733619059157,0.8028930581107202,0.86433429363085057,0.20939796241479158,0.9305231918715301,0.77360213021701507,0.31874674746628529,0.55901159689458535,0.62644260897479187,4
0.27843204997918547,0.49737951777349987,0.49455520952733334,0.60997072421171961,0.35757042370090519,0.94482936573029186,0.42080912090656031,0.31226792687928873,0.47718160377684615,0.25555971876930206,1
0.23157776521385953,0.8848954983701609,0.34349836204373574,0.43381964103791326,0.52336539642977398,0.39309889264890485,0.37858047302911413,0.44918571030418297,0.55931960794482694,0.57989013658406985,1
0.39244348701167064,0.84607060325043526,0.57901555594312326,0.6724812807906958,0.79612768629407127,0.87224691311797231,0.66599557542680132,0.028389785296309977,0.76395873413066928,0.6634279305577141,2
0.65156028917728104,0.55850659612851949,0.76570975027841981,0.0040358484628117974,0.31133103674054652,0.56392377760051626,0.48706687949316818,0.32986974503454358,0.026496978339138333,0.10013183312212981,1
0.85562337944730205,0.51576208921958688,0.37113822564267474,0.037062833382755622,0.029829872706198413,0.052021940539442091,0.39865256771296942,0.20725408990428362,0.74780500259944216,0.26496891752283513,2
0.95511987685143274,0.56784583924797061,0.73309960408670127,0.84280485166761754,0.40395575050495225,0.98848387271677418,0.13952372462356144,0.01189817583775965,0.5132547180412621,0.31302358705467115,3
0.83881966282340337,0.64249831947959435,0.62230657043471116,0.79526160670024293,0.36582598273945877,0.36818850107814083,0.93614917779001861,0.79731864517508166,0.1539324774570231,0.69561484964603593,2
0.49369536821428273,0.80437365929530258,0.38914639019126884,0.59384565736654504,0.16001938443842667,0.027685420427719598,0.99070919100293942,0.96035527471154292,0.72562608127608241,0.66563696655558868,2
0.25319740358368725,0.24506870510705681,0.00093630667098332232,0.29533782207925929,0.54572651108818881,0.14777049513509533,0.11946123146587628,0.30328956224025894,0.48953456629163117,0.10450673784529996,3
0.10562871504884253,0.71249008078233533,0.46535214164152849,0.55996767508381262,0.45563390509758595,0.92006352406977598,0.57055585091926475,0.95496304449416758,0.76432795922749885,0.38102661480108979,2
0.5196944305290726,0.4417064368354694,0.22219635354460754,0.4863149307004615,0.73827527422928962,0.37184993183503445,0.8599831720184159,0.18699814918730473,0.69429899580074073,0.94050925889809989,1
0.4199110671741253,0.0043154304480960137,0.7078419329605562,0.342176729133985,0.26426736926113759,0.63342910523053864,0.87525483088512379,0.12308503758398948,0.62611212339994793,0.67987572057733947,1
0.080231644133064495,0.85559910974551734,0.28876128601346351,0.07359313778726273,0.35745550131761816,0.7825477622141549,0.82174403875667446,0.017638636219180492,0.59842108180032516,0.91638477281887742,1
0.52504716702162624,0.74544386714209421,0.38799948520194272,0.91132151515845017,0.1281492409448941,0.55200803822944811,0.98922985182648659,0.90308723002488667,0.73067257084784931,0.9244812339046371,0
0.59300397910073188,0.21699708736401679,0.83945433791627233,0.74859107068470243,0.91866768804070897,0.0066807307218870182,0.11788052090765566,0.66500634812600123,0.45598182755313588,0.32001671729026915,1
0.95813649747998264,0.36386105564882298,0.78616894825306494,0.11075462553390303,0.9414234951196454,0.22294393634286758,0.4534629481222473,0.85721707548938908,0.71149531980993164,0.15604978093172894,3
0.9340067642522103,0.39501094662094283,0.77702155001475537,0.72887784620435225,0.72904866208207952,0.054900871171076782,0.50981020597258031,0.86817868237184836,0.55238004561730092,0.0081239963627718348,2
0.27439430407262588,0.79716111899899067,0.51318091393291909,0.19691973091451409,0.40553493950489139,0.52888710174812736,0.54287157522491258,0.33400290330336713,0.60557218343043984,0.48365226912705472,1
0.76424465551068888,0.57430790589567648,0.10015440478007132,0.06268448590408382,0.046330211758197515,0.90923295529916481,0.29856623639744218,0.66797192354055357,0.29002788862561235,0.9956754131258182,2
0.8149320928137721,0.13307012311850219,0.37428720505551827,0.51557100436493486,0.87821883633581388,0.67888920716774148,0.98371420049973246,0.9230780137975646,0.26112988333497511,0.66430832344848589,2
0.23554227630213254,0.2370886036021751,0.83581861727568263,0.099025734545582833,0.21830106581727438,0.25211768759424658,0.93316805442472373,0.051584291715888297,0.86951057182928937,0.52503562448225038,4
0.75429963438259118,0.053140920661514102,0.24920981765033168,0.15475890719881091,0.76484954664802429,0.99974372984776472,0.43221570383352392,0.48462248589294055,0.036153255757418679,0.61172967880221907,1
0.32508929306935996,0.56539356231008087,0.18267438297992589,0.79430616479760396,0.16736421968033965,0.76555924941050935,0.28328918570159578,0.84679056225661398,0.823040875841339,0.39090713247861786,1
0.79832933534605344,0.23577423289054145,0.10313461599002494,0.094092944068445816,0.25919719917562545,0.43990265218065372,0.5091166654237177,0.094611615779471747,0.02335783041155437,0.47781211994062023,2
0.70276256496277645,0.42748311175654663,0.38672256589128551,0.9795246708855293,0.13804910349753641,0.094295583392717264,0.9690401545677173,0.65944743576416087,0.29100345745126055,0.8464200654437688,3
0.59343240015617227,0.22818015469437203,0.75629946095702838,0.62357344404509119,0.57432326488416263,0.61928625969640771,0.92978762947673432,0.28123078782965616,0.1098127111859466,0.22715372476263374,1
0.67914919056396572,0.76607349374700628,0.4271487127636201,0.63627749212169982,0.61363514625930937,0.12453304769080986,0.15137828876856319,0.29872222275876092,0.18813523939573551,0.78006276504486738,1
0.9323724036910972,0.47326894756579574,0.25645848712235442,0.89307060353019996,0.91133362093407688,0.16760621418778454,0.9818596543780822,0.63911808155808381,0.94805579230767301,0.45406927408753628,0
0.85251113632806619,0.23734477568026124,0.6823231875269884,0.76737892664708729,0.97960276175875738,0.66708214724816095,0.75892176757958785,0.6723051417471847,0.73996420118306394,0.94582053674975008,2
0.9494869282910029,0.37027576502693693,0.75940540061568718,0.67578611362957963,0.44380168738743075,0.15211317679674929,0.68123066584647074,0.26706236133103789,0.34160343216755962,0.26065268459570412,0
0.88167759666550372,0.25347135783741803,0.93329304348367692,0.44338326572320563,0.60161600653630987,0.14948170875866451,0.27864363934074399,0.83848704056159007,0.47285533953439751,0.30737892074152628,2
0.87340858569734225,0.9529975183399807,0.59433821663735853,0.39883417501042939,0.26502565350704688,0.51305706649543081,0.92594801676248861,0.29584314930763,0.13984410876811348,0.80752180125527029,0
0.17096869570674278,0.14959820645057864,0.26178317115392724,0.93449570132602,0.81611635550850903,0.24227906558397205,0.14038801359101838,0.82446994812043972,0.92412796424356347,0.74653347018889138,6
0.71196004186501716,0.71958898515984004,0.17022360911557421,0.4756293288170893,0.37952092550473904,0.41097434488800089,0.84038251771386929,0.2700448741277639,0.68537745376153381,0.75707374805346017,2
0.27826374621952255,0.46444123322407782,0.88958218568084046,0.9753292735725424,0.70743310468000931,0.90610395906068275,0.72485695170534903,0.16381186893535737,0.16280852654255717,0.93485345527365327,3
0.67221984355655573,0.25879134507442025,0.32853070462867839,0.26230961894644123,0.27579864294140133,0.65987771243034143,0.17262134652804462,0.62504854836758061,0.037636484159714878,0.15908135337048035,2
0.58709764627711314,0.87401850794102931,0.14644820030514172,0.66020082845100792,0.99855977982448163,0.37505224790087355,0.87985145536409726,0.26336926938354976,0.41350125173565377,0.64193266234494095,0
0.30755234138048626,0.624980831773991,0.84105863584341878,0.44079247744364636,0.97499320514823318,0.92183065864203051,0.19946576863711085,0.30842179943099046,0.20745957307713669,0.67385250571988253,2
0.099199323312642806,0.14057136597310804,0.18931540387251178,0.44543491978088634,0.41089357697296913,0.14486473251418619,0.20785510939867768,0.6746136716633232,0.74398461774135183,0.11726988959669582,1
0.24558619904096191,0.1156860134834149,0.67613251657780615,0.80210627385289623,0.5309446908971307,0.38034197126930713,0.16615343823262751,0.7659367112458586,0.96264312210867986,0.53512149670186548,3
0.38400037392166764,0.16256636141220115,0.91454698652151045,0.03194388567007389,0.97865370382708539,0.023734298185408842,0.81089965239754691,0.95438598294299082,0.9646439199196789,0.117886040008644,0
0.017059086119435407,0.5954158850174337,0.3283204371900672,0.46291221144040717,0.22049213445202509,0.22812527408109107,0.88321210053848653,0.12610797548131081,0.078501535851282944,0.52800555084919487,2
0.23463473847169292,0.2680047958126105,0.23099345048362929,0.71441569288557671,0.94244187930010204,0.60681194441232378,0.37496327663399875,0.038100906078983088,0.40104182261239096,0.45801997005726325,1
0.25730391968546817,0.013820745342876806,0.75498015893305648,0.43726210026459722,0.5833728671608871,0.34411135339388299,0.22267752117067152,0.26628997945795774,0.30309966014979828,0.45933823925238271,2
0.028747003534868476,0.1882547365900531,0.018671750987737212,0.24753150672121205,0.55859325596224241,0.67021220785520741,0.93028228593976225,0.22805246645654431,0.32576982123191278,0.041459842614930187,0
0.086465661834092766,0.74867323750895909,0.48934764151007004,0.70726250247786093,0.55767649820467702,0.7658822354452498,0.32390192030683651,0.70149555510170503,0.28770085654113298,0.64287038241007632,4
0.66059143006360888,0.75357177715295554,0.32229255323803607,0.78020792075001433,0.0029861186651667371,0.28333630762380058,0.50901944364343077,0.20758627235656968,0.033626251697463805,0.12104896981592128,2
0.69285726328154396,0.86107360385130249,0.81268173649135556,0.39506839854750075,0.41282651103310641,0.96968488153156573,0.46182208592128315,0.49670105419519683,0.4239852456375367,0.53457538258210724,1
0.035347875920951122,0.31445610189318873,0.047271425190091088,0.50966460199426744,0.19486243127073022,0.2619042854224799,0.57119722671865925,0.79749157824985606,0.30475702097896373,0.50212502617717258,6
0.37324632424249415,0.13754592456252612,0.58762948338987109,0.4560298694071715,0.37259049361044816,0.52832144093201761,0.77499820573666922,0.70827568258240536,0.44234107452658566,0.45189106633359499,1
0.56757069449277908,0.28048867844324632,0.90385779508404129,0.19451219955701138,0.65852734341482622,0.54568546031420428,0.31601385245285019,0.67568762763275481,0.54881688036458831,0.78952070657294804,1
0.27367110466937949,0.16158902597883062,0.55092549469192764,0.41383478098347448,0.98529292741819241,0.56626701776544974,0.63681921570944078,0.037976850546668772,0.090276537722834393,0.81583796342568116,1
0.94971273354191443,0.21282577505259792,0.50681782698211542,0.83380902634083576,0.25487782138349191,0.99289935496304282,0.71247538066887783,0.028758974841687657,0.86369936768466493,0.084680312760016641,2
0.66880747326900714,0.2884534484683694,0.35317224624901422,0.84843175470238041,0.17769010705972998,0.97790554816655206,0.96758776899048815,0.59017047719067928,0.97775297698673436,0.76736535066227285,1
0.12861018715507921,0.40076165601848279,0.68167485333755939,0.08668661773407671,0.90838069894630391,0.072743029526106229,0.17861790788671028,0.61756027641928724,0.32943131846725748,0.10469751978442299,4
0.95728174947671607,0.82985106256283592,0.0034114613624619539,0.47742513289048583,0.021433914944172572,0.50374563302214659,0.85616394429234455,0.21974260936947387,0.22471635349514285,0.88278193303013974,2
0.052874343069554297,0.93567120050544506,0.42396405241600654,0.35050613931102303,0.64795090872431416,0.21270948024766489,0.36853200783364426,0.68657169978846533,0.7296493126533895,0.49306945129148716,1
0.54840039276015418,0.50466112907973992,0.7101047018857537,0.7184117780866438,0.56839739316473903,0.31857526353294474,0.60956224726754549,0.8494819700148164,0.34400631821079164,0.8146289585904718,4
0.86495235445782903,0.70009638539458696,0.86272129013000087,0.79553664162382998,0.85961094169759011,0.062418898863525474,0.043575130948817931,0.68873404007719941,0.19906111719688713,0.13747098706273886,5
0.85083508280473907,0.09538536074204651,0.70546133689351631,0.92632644395241825,0.50773219339494913,0.66587171702605752,0.77490601914572343,0.51867631082666321,0.10075817375150975,0.35441322483787019,0
0.35194283722376785,0.79830022342996776,0.2313596492585388,0.49508904068012549,0.90669778945270096,0.83937501186683794,0.91983082707555697,0.99073460461727159,0.57971106762321112,0.020185064121433061,0
0.45691465945579324,0.45979804301089866,0.87542237346814145,0.0077278739172909061,0.7153374092149074,0.71784158943212517,0.51654989675353968,0.3209370698960724,0.39478397166749468,0.27207238817648549,1
0.12621733058021423,0.60828060083840607,0.58974795898270627,0.27245028985923769,0.39279875358477023,0.31087255989447216,0.6979182228192925,0.694683290741822,0.25276021800236281,0.0093728781008071138,3
0.18961513836937827,0.79171182338469648,0.45691973557106613,0.8960423310788217,0.63106052530121937,0.048695653250079518,0.82505603079912282,0.01766268703937024,0.55596418196764341,0.30789049671773971,4
0.80881476654968176,0.42300266879655379,0.12450777543530445,0.73481448048722764,0.35058231136595253,0.32657360127543156,0.45294634907490372,0.2517718378771997,0.3312263588816281,0.99933754453782131,1
0.48408903594364383,0.91361877993295126,0.1410680119248281,0.22764527852663485,0.16289157396019227,0.31505980063571082,0.9268956808144676,0.75157096165707959,0.94931635536394166,0.88163047388481608,0
0.35198305268390784,0.1639231017685463,0.20662996848753801,0.12119998303034762,0.2097668358810052,0.32899338600187189,0.87144579860853655,0.19136389034203138,0.48729910061436454,0.57874139365735544,1
0.78784449475795804,0.62552423321315809,0.72719836248232184,0.14120061023210417,0.36491189049306316,0.0026714938126517485,0.38581552409962983,0.19885732163828251,0.95242320091432286,0.73092348049033229,0
0.83270261408686863,0.47345043988761393,0.38070558041520652,0.59644603734322921,0.35016747497591205,0.36062863877566953,0.79980725722294688,0.33625278890306631,0.6195055193001261,0.69847872792021093,0
0.15493409020680005,0.50822137530599087,0.46992459095429295,0.85455785806521112,0.88525306117575941,0.22803722096289347,0.39156474189286283,0.20047420225370327,0.74535471360330519,0.88496999085633443,0
0.56864754778724358,0.86146041145450947,0.15487924430762323,0.79435530263501508,0.65467965133539852,0.31344254058197274,0.30512767810798358,0.080628529201682397,0.69375086117280105,0.098964188073313086,2
0.76704220887657648,0.97379661212345814,0.48716237515254224,0.63145532048108177,0.13900709021672641,0.97310616261536598,0.87608436763597819,0.69288487194864856,0.29905211614395366,0.94804108813142585,0
0.2679813989087797,0.63727463564524811,0.60116449529639071,0.027957456767924826,0.32103290435379983,0.37775042957918792,0.3268905130794405,0.93214074874933839,0.32329831534904485,0.72724649375553396,1
0.43343378005950328,0.46895692703324854,0.044143071590135419,0.73130241421015307,0.64681652063739203,0.019400403321608639,0.45885261541764721,0.99474691624646339,0.065193606783576219,0.74131287303270665,1
0.66490693798081202,0.15742341032074614,0.79072399085874123,0.49753819409363687,0.77061495128224744,0.20663366380454229,0.58377425484982004,0.55076015348643859,0.054404613780442257,0.12423175810619325,3
0.56230038404708516,0.84859900791696152,0.55156224121802688,0.28140106133523779,0.192999896273506,0.41266676948890435,0.1563347397325956,0.9159511577457865,0.20982649133871933,0.55965295732830878,1
0.87458260662519582,0.54261398495129154,0.2869340363261802,0.06786422070346354,0.58620499596175235,0.46743685796272261,0.74707233279115348,0.610272054113288,0.75579289393953308,0.49267066731451625,2
0.68801619444782736,0.9536785022058244,0.17621664987112629,0.54515237605231293,0.51123655035472826,0.35230787078302128,0.16579320853899315,0.18782335534128836,0.79234716740591116,0.1865596547443954,2
0.46031460820252734,0.31526952178848944,0.5776584121532049,0.57540158262486296,0.29336785131344167,0.49453833092410993,0.33947634789360936,0.64315369996194238,0.59731143258742503,0.68296139229826236,0
0.46676295550701741,0.72179238145922153,0.81465834101453793,0.83160295856399957,0.91211550737892733,0.91223435291669974,0.18879214520140186,0.033494148184547989,0.3317564954956751,0.68858917365121131,1
0.49359798092262763,0.68210783157811761,0.92969411277539227,0.90835167125655669,0.59457118278663834,0.27154676590765758,0.28022458372364278,0.51724769807937265,0.13457813857191703,0.36272674834196017,0
0.21813414826545141,0.49407341108624692,0.88321681378542227,0.97647161718533948,0.53078132614704554,0.7649864923049734,0.10804850250597564,0.26682761720931247,0.19393998018632208,0.027525324657435846,0
0.13829512756949891,0.052821746657762625,0.82775001419532201,0.68441707322795309,0.26795246910208936,0.14558416893372883,0.017303244291633213,0.43701166965161209,0.28177369801977892,0.50439317209888046,4
0.40362955039247039,0.26539914059490188,0.17149364289847846,0.83655964535822547,0.35379522813769215,0.28916788189170672,0.80052699783188452,0.94645390604551494,0.49151565685659582,0.97904526835129246,2
0.057193091367584659,0.71593748479739083,0.92425085617410085,0.2251402465810195,0.67687048013942319,0.69557474495989502,0.26860142236358386,0.41239877450306406,0.66437007075388876,0.70390321214923068,1
0.36618369623001479,0.58541141868002544,0.065109964205468995,0.53324907837306512,0.43668664715398131,0.54262697250794067,0.79154562718030153,0.81673211440479498,0.69141707386679996,0.13378165962253841,0
0.53974187541061946,0.52011105742373231,0.72962891764464921,0.58339978794812708,0.74693379213165467,0.32999217171333906,0.99823640516142143,0.47461794232575938,0.18173112936385905,0.99306247783574253,3
0.19995539032545506,0.6007751978017335,0.032270484995826965,0.33458138374162505,0.20287817943976505,0.73390012438071106,0.42267137919064857,0.98668355269755426,0.13828574625361378,0.30732185540916868,2
0.77193385772487511,0.31577865067019328,0.45967937211577881,0.93251556133679292,0.012240191212328333,0.19217555594636904,0.80791194635823993,0.055145226501494005,0.77577700575411335,0.99244576726071454,0
0.11037041952880755,0.087576561196796687,0.41148200837652482,0.26106507746612329,0.421356086891855,0.067037141588401683,0.3098677429071508,0.75968228774910462,0.79261827652689387,0.98725676524233696,5
0.47013464534207494,0.44016011934757415,0.73357076866573556,0.97882581669607216,0.75748169386637043,0.59217478989816918,0.46811366098744334,0.66148183984714659,0.563317429837493,0.16587100198152727,1
0.81928452764052395,0.553170121486946,0.29347210024017834,0.31828245816061151,0.083574279415808084,0.81363782879069035,0.4675077948492885,0.26457067461406136,0.01341780466002962,0.31420508444499784,0
0.76353454530386122,0.81422091612858538,0.64834968644162827,0.71735959345106071,0.10396574226162669,0.93151962991698678,0.99668408359731187,0.64750171597643735,0.11363246416671957,0.16424432954792323,2
0.92862522991421448,0.89057431663336173,0.68107924546230492,0.3234394195486765,0.37329607085979954,0.70697777592173361,0.41528627915757788,0.36745003308360935,0.11906817594810848,0.069062705104487421,1
0.53447240948711539,0.21220488317103292,0.74373695744231427,0.31587404832589705,0.65364622093183233,0.95449223443831277,0.016194609263681325,0.0098328615984920598,0.1759362249829175,0.3223368614940747,2
0.89673714864243337,0.71982399333279534,0.53508797377110195,0.90203753476512338,0.46979089690764686,0.65402925035768866,0.19527107851902048,0.60787246831646624,0.41138455679247143,0.47647969222622022,0
0.0096624135610711148,0.22440106524182757,0.94100388691682224,0.45200977431787814,0.14883252040693573,0.70510832406491075,0.79670370622270503,0.83626232098246678,0.92576046400729473,0.71854326548326142,0
0.012740737422885839,0.6906605288622728,0.90622797189621307,0.78399744973130414,0.54029873523605687,0.38385710055281386,0.093085464023089481,0.00549083345666046,0.65339544968046415,0.37950592648886716,0
0.52261541305003356,0.35308813999191924,0.39640443720634821,0.052482722506563717,0.27916697763875564,0.063343740925403957,0.86294630164815611,0.27116210120902717,0.078712905496869823,0.58018110201459161,4
0.83203768281665269,0.37802979130154746,0.38025899334265512,0.11057174366698408,0.97120858588865566,0.089669096844342211,0.25794307036341257,0.76720922068818598,0.81938859926253327,0.13190087036638587,1
0.15298819166598332,0.92609842682483989,0.28497523617143583,0.50787560616338445,0.37998871673887746,0.13325829971015191,0.74189741522665476,0.60343815664011913,0.76916763171934499,0.20898642880583262,5
0.53881450921018803,0.55299117812634413,0.87868983733152173,0.3009832588225928,0.997210064726609,0.08094404631130081,0.16951051602169287,0.55296794309931119,0.47467241955710393,0.99572119358316669,2
0.4536376498489979,0.93855524252911904,0.55595524504447891,0.75553269530355016,0.9323651212212094,0.21346715615066714,0.067210318489729359,0.14715263265558054,0.17967783994781761,0.99545213080441064,5
0.053995509878917325,0.13754589861364108,0.35705968525490028,0.65642875058067707,0.79379940730478715,0.93975204380726907,0.54237259427237927,0.84672501289483426,0.076274675860083962,0.46417178761298439,2
0.41680976126319258,0.88894862065307378,0.46827710123281707,0.7393036130556575,0.37120827441923465,0.060978197455374139,0.49375690379955128,0.19576164799746487,0.54061407134548656,0.64783664829878818,3
0.42964286219852588,0.40505202853816669,0.16478705077270062,0.3439484482721612,0.65535885414063832,0.39767685889615789,0.62934236227287421,0.64987437427982531,0.11659696830896915,0.071462761308353495,2
0.68374238480228988,0.44393747170299069,0.90255337640424571,0.40892509618809758,0.22785065583472708,0.35852318285437568,0.14421528691082819,0.87110824594404812,0.75280165956105149,0.38890536593456337,1
0.32344117332163613,0.76258995753875047,0.31259041563637824,0.35837445499110443,0.37622119235967943,0.95397177602413885,0.72670667552697532,0.9935591597046447,0.45946599556942569,0.41019230040451893,0
0.9545503901061303,0.030826946862224092,0.75229242072688729,0.3966405772795728,0.45708175298413967,0.4108529496242157,0.36582079628493558,0.24376198758836409,0.9423051051760345,0.56124400322424139,3
0.45367902394635873,0.71844752120231126,0.69861983756340273,0.39595514617792604,0.16291945976315103,0.54211795474567859,0.16377406068067013,0.21338376819619109,0.30766781265200227,0.5930216769596508,1
0.16411928070464499,0.42169837663254717,0.34465745248401791,0.5656087328074223,0.49849597891007558,0.10052078422274802,0.078832266863769873,0.88367879071189448,0.95661759383323763,0.12411373820847049,7
0.24588374721438466,0.27557015289419606,0.69989200494514958,0.52286436457345287,0.31512788368203104,0.077447420371203668,0.9065222745464232,0.33711754785062586,0.27684315524031877,0.7636887835940952,0
0.13066702301969324,0.70248400027114233,0.76264753809358155,0.32550275627752845,0.044761528059244826,0.30695812422763835,0.55533060086844721,0.80938006761046322,0.19767509801097305,0.31655043315813303,0
0.54563024982192776,0.22447661589505197,0.10712639533422141,0.06108942011558538,0.011531727064344466,0.016653375338074317,0.54812539002139005,0.72752894357848341,0.75292417598302808,0.81888461672965829,3
0.77671129753833512,0.65394835389126305,0.10694900455718603,0.31645336293872695,0.074463901981538516,0.061346138640700265,0.80856582692363721,0.010854792843907224,0.77255964279219203,0.83650642700844513,0
0.29582075356308823,0.24601312149623455,0.20329609671093751,0.34132796000730625,0.32180874312641783,0.19131521426996767,0.90317283911053003,0.26216439056229568,0.91493275529048457,0.48049581780173656,0
0.41032171351794888,0.86458695543597863,0.074892813325412977,0.1581588810452933,0.62831114598869242,0.18984183557396872,0.9452067708313866,0.78802603697987195,0.27550093849446877,0.86721567047619164,0
0.090168156789582676,0.44442684642056585,0.27387042742440171,0.54960296205167258,0.31383268208241066,0.5335968544673424,0.80646228732521086,0.99312846758858264,0.4206193976505791,0.67513839817022614,1
0.36842353874914824,0.68332764956767067,0.51129486827084558,0.22291204650004681,0.4789577622678558,0.52190132725864058,0.77847289331293335,0.0010442075396415174,0.55648606152953817,0.80065454611160336,1
0.94914786192158473,0.57784167413001775,0.72984787705156251,0.9176527164356153,0.80641478937972777,0.90020249586707268,0.4119422455099373,0.48716420894892687,0.27492021357268925,0.5513024795175383,1
0.19721415876169357,0.37144594855051483,0.56347907605493153,0.27988744016334155,0.94418140550476626,0.85874987028141758,0.90551092362077878,0.51782759374790954,0.36256032439936259,0.9827779322473239,1
0.019344383063716108,0.44716005578109419,0.22044077629708381,0.91222207841119729,0.18624030557548188,0.0041572427073539586,0.41419428037666728,0.77545491210954409,0.43918197036082918,0.46441332981324335,1
0.44706077605230077,0.81305270993358159,0.82912008454433594,0.73584306761299323,0.69305452894932218,0.7633283969226532,0.78099451532104724,0.15558791832394858,0.98996310666868992,0.34841832133478201,0
0.0095758386558822961,0.33191065109907736,0.7280637134943807,0.75967760959553821,0.43685347116262874,0.98581344656230063,0.34880314433984749,0.96301458316681832,0.73070003052876986,0.20136281149201107,1
0.95106576277408206,0.50460526696704466,0.45093724018454917,0.65342913815939008,0.40599930000501772,0.240925410874268,0.1960815426941096,0.14430625864137525,0.48573745599451956,0.70427200256295119,2
0.27386777510434901,0.47831834073004575,0.18765497893494476,0.39587016094136829,0.52597688391703434,0.45136687642414175,0.47628745954541851,0.1907928736926513,0.42456238318413941,0.81988945777523436,1
0.46723098659248763,0.10263273694698627,0.028776088061171601,0.45237511164299671,0.25632259081672604,0.63729274279945947,0.90426956537174041,0.79905354363813941,0.32851961400493412,0.3621206996717431,4
0.11742618022589502,0.54560443602217157,0.63381227161331044,0.20614497647424512,0.31969391530066915,0.63358114999509696,0.4917775625083487,0.98189973066874003,0.96899714098419543,0.91701233919749159,0
0.042372429888734131,0.052612816092722059,0.33654364430624029,0.35457826748440935,0.94059476768159245,0.54249437026700287,0.35357486623158307,0.78048747319675937,0.60283692596582283,0.13984749900930327,1
0.34033108432579739,0.9056021038574521,0.65694469284190704,0.58664632212438239,0.67158608693317123,0.98897718165360993,0.020937489930052844,0.34428452601809068,0.13053183600169327,0.80265840220871887,4
0.01819628117073635,0.99158613866299616,0.38587248543198016,0.64467850452537523,0.62257513152049326,0.097637239688290189,0.92507491467408265,0.68225710846616339,0.080924643640585936,0.25147175728246496,4
0.94299285281458589,0.43338525921669557,0.57640741857921363,0.19457839326628612,0.54666410848130675,0.44112973646020248,0.62822213189648535,0.1140169137882775,0.57560971640627245,0.74138886972953744,0
0.26252963954194541,0.39788187607999304,0.78764300833532752,0.43418607886310712,0.51389099085880563,0.47449926889086858,0.097424781649722569,0.96702521596433655,0.73139626675524005,0.39318480019756719,1
0.23822372958993965,0.06834955794370734,0.73793040403029486,0.083412850434502528,0.93603184085760915,0.33590847845921157,0.76909694713760679,0.33272053590738382,0.96366666843404503,0.15303332810500114,4
0.23784507435440239,0.88706927842719852,0.74851123140495279,0.45100358932760232,0.084676115675696995,0.7783076895925003,0.16137120306704333,0.78822082766556034,0.30263140259880728,0.29071445991831601,2
0.3565336477332981,0.56117724042873363,0.0043277811537936195,0.077027179878743635,0.88267718213557256,0.84954945449616304,0.53950491650984811,0.330915298915606,0.50624469675529826,0.67617546373530979,2
0.8112188979235504,0.32386207157069735,0.43381624443331868,0.26428722279281158,0.13129677280715624,0.46412825029257687,0.27599191774378851,0.01736429619820834,0.02807816728425172,0.88628087800764432,2
0.012365796536426665,0.90976816396962679,0.22921656745578578,0.70531661280527425,0.03771776139680183,0.44875088623328507,0.35669246775003127,0.66686540124672078,0.65794530622861791,0.7889439495647278,0
0.49746870030727353,0.73994289962856119,0.34073293214100864,0.59703205094007494,0.4978377494321875,0.929699177232861,0.59614239312625672,0.019552672067619237,0.91217439505567111,0.43605575776435346,1
0.63922147341323443,0.19733898768405089,0.39379025444460403,0.064439489586432086,0.6402812255327901,0.16759871069452981,0.58036280807737561,0.022991092431921767,0.28625018651561895,0.60148788188750069,7
0.23468539631683494,0.87075315990770585,0.37464724683256345,0.56376062379389547,0.81568349228700954,0.041785068449169516,0.73158709434928082,0.26756555813636929,0.93352501369757268,0.43232003335352898,4
0.0812088123451149,0.14977180910391641,0.41615768379690077,0.55912665576726273,0.99936441633073869,0.10175318527871979,0.1496245699017682,0.59811255758668636,0.061383434020677474,0.9535880315736156,3
0.44740292084715727,0.15747874943276441,0.18599786728590229,0.38664385228882625,0.043006340639508589,0.087655438589212209,0.35083423099584088,0.17441777516345824,0.40308987292476961,0.092548312741669636,1
0.97013951475691584,0.6603303697552535,0.54330557620078856,0.040924349656256243,0.93844347647177295,0.77303980780761805,0.67210218589637094,0.89673429349443601,0.69690252368059169,0.93048123818018402,0
0.037044096568531582,0.23003010704292248,0.80231627670599226,0.69220742552642234,0.14942176259869955,0.41815629880904492,0.93441272115206075,0.62966216307379475,0.73626325735572595,0.38573993785283633,1
0.54451948287538521,0.68239329253283232,0.31187338621274308,0.025191034580461902,0.5367682545259328,0.93217202318834702,0.17390423572785219,0.31272676570520896,0.29837806604551975,0.39809928958172436,2
0.57003483469224381,0.48515797185951293,0.95704561283907508,0.39863337905398633,0.6789742855831391,0.15836425574097091,0.97538905784600805,0.14303836211221688,0.19238698694581524,0.29532552430053938,0
0.625006925750347,0.10208900676167065,0.27990403387592455,0.87381071175849667,0.080191439970664358,0.41089120802638757,0.39468419253405351,0.67696598623380078,0.23152452882453767,0.96022634769947146,3
0.28973118259710329,0.55228808683543162,0.71980706729793753,0.37159580782299861,0.40673199212766842,0.82620183709355954,0.72482990053173402,0.67836411896871363,0.83032724656543722,0.20736752442829964,0
0.14245352365228514,0.2395116243328631,0.48693557582838332,0.21461038206675143,0.73247462433819877,0.47118068641384514,0.46444861523465808,0.66697378266836549,0.022580782735765692,0.090571402730429629,2
0.1921083755643147,0.79619021021546388,0.86298386512938985,0.13370346999859117,0.49352293430893368,0.88612841090903949,0.55480439662040149,0.31992154996427835,0.85706313686906532,0.87684609223735177,1
0.03159742205034699,0.2421102104231615,0.72489016346234192,0.96151257138303348,0.94323353175305169,0.43723445269545635,0.57151403414580049,0.43231435075598124,0.61805645789669728,0.51829933236982273,1
0.090319618919984301,0.54188653618386384,0.6940348451930699,0.36632560600278818,0.23364266953738444,0.90880973668198284,0.2962664798048128,0.9783464142161542,0.065563813757758549,0.91640962817359839,1
0.75222005071962195,0.88091737871855924,0.53165762236348368,0.079193513833147988,0.32725141357708443,0.95702756351422102,0.17491431349442543,0.50797235810993424,0.67003051704995353,0.32840088207647489,0
0.14969427362017451,0.32251375822547379,0.85644041462922449,0.67042348531024953,0.66362722286766829,0.65961855671527658,0.53099267446917175,0.22912184709722405,0.75810431355477448,0.73211462190958765,4
0.78001314374640573,0.91257323055237305,0.38044695058993538,0.75338715075125851,0.42486413579255244,0.96280767160867997,0.73003751935039207,0.95896392252651852,0.9016573316632136,0.45048687417224653,0
0.66618080471940755,0.69611732707157359,0.95857877813985082,0.3394416814534269,0.38740638733017707,0.16588654170517336,0.48037081975929885,0.46338146244453027,0.62221284732117788,0.55789725485593233,1
0.086422413552971644,0.62722609982751132,0.63938827987765567,0.99487388731386095,0.29254838160431518,0.52948476645365916,0.0061234161241442431,0.66154379054553525,0.99665909576892453,0.034436490501393413,3
0.24041481822376709,0.41223466336722159,0.65240075910852136,0.60766070416822182,0.36401150828279238,0.089264430001163353,0.077556176650086739,0.45164997111995075,0.93387081150619367,0.82316938485831936,1
0.54829462824138475,0.20719122906501963,0.9405939156116,0.21556955983191961,0.60014967628009441,0.89462448258166483,0.037914916276257538,0.045361524363008887,0.98242174880961652,0.29662546030747783,1
0.96493075973785936,0.41332904060864017,0.5717656493435006,0.8846399902293256,0.31672123768544658,0.82657901674256828,0.72034072004544802,0.71988281465442705,0.29125364874804383,0.5265887196803406,3
0.24410847510544276,0.17246018994611778,0.68980687994341849,0.55527361903535211,0.62477069273433383,0.65876813400221279,0.90978642481026151,0.63092490934440426,0.67430337641952065,0.58732993138010725,1
0.51942190223321749,0.17581093705994089,0.098297177930880886,0.80667987003748309,0.91640965178243017,0.16746953298429612,0.68717816866162995,0.22550385503574988,0.70478940357934894,0.26428230052690893,3
0.60728480981572042,0.12579748286197312,0.31778433826997621,0.54696048928646912,0.21924690325300444,0.72581344960267657,0.5188635246643446,0.56370328835522887,0.65093054749458412,0.69102786784761627,1
0.63304071099891901,0.94164728798362307,0.47069905049222516,0.013325882391688526,0.11650451227887804,0.3776941314065575,0.73755373775405308,0.92806355292585785,0.97984446232679479,0.49880611380161288,2
0.42773762643773094,0.64365533717623802,0.044630399924107667,0.27347253137840277,0.99518173968093393,0.11211021025448065,0.31132974649959544,0.91853126958948361,0.66767326127353377,0.23555339745839732,1
0.38745801859183204,0.57055775651685969,0.29205158961626465,0.60472929332872138,0.36849100172094595,0.67612793053037701,0.18971370902957585,0.34853938569718956,0.71316311621609052,0.5980588227915723,2
0.56715473353702639,0.76160055721540509,0.12238962722553748,0.15609554721789443,0.72711846920161338,0.72866515425479506,0.87352509102853948,0.36672442972529207,0.85810665253772578,0.90555810307616691,4
0.14485139609322784,0.51616707111009286,0.41736876983105564,0.40320095977477644,0.00047507319239037393,0.79612218591447592,0.27869435136586129,0.13901719296586379,0.062076691536950168,0.23008640345553588,1
0.9231839900922767,0.97216216425125157,0.50269139527744255,0.20593472121243561,0.27526001190542626,0.26100559072086604,0.12237574764192205,0.3508030837319599,0.27964324807729313,0.62057270749571913,1
0.73999825274697928,0.95607197395398502,0.53039264930040875,0.51406363065839378,0.22940963214112908,0.15433073872043146,0.45543463511125803,0.85505217885798812,0.095310305145797303,0.16780002422463647,2
0.037556171398240412,0.3212252185342177,0.015096474189434494,0.66496968909107745,0.19228138634572411,0.055572667532172049,0.98181312544001942,0.39507577756564038,0.92743440118736509,0.099146409345650999,2
0.51915839611700931,0.23602433931021349,0.37135957129526476,0.91261311387369126,0.5233869793143584,0.089641073330312016,0.43234422184101973,0.073901828309881012,0.77088396554509664,0.14141680672713319,0
0.20939989672289361,0.81345118769554325,0.09647878135540533,0.73524191445214471,0.54205679179069222,0.614462767949008,0.60637697469734031,0.15948959707585664,0.30888836882364368,0.44062165692876165,0
0.64278517844751393,0.67283440219757951,0.17728439456746292,0.51159193686385684,0.2557495745579067,0.64073957238089385,0.8386233756101682,0.88722874696867116,0.060577942896291481,0.32883617792567421,1
0.42092874641006484,0.30762029686712777,0.56447822160178307,0.86469968534418085,0.89259221792843313,0.22057520484620152,0.8248901242248623,0.78265638177178576,0.17813765282651017,0.5065828389745457,2
0.23764457323139154,0.42895570254343218,0.7320288674052936,0.81849566641696159,0.31725283725280373,0.98924999690773896,0.66154260613029003,0.59546379411664652,0.72245147468354298,0.49737467080747921,2
0.92681019169153023,0.62099217403647899,0.52844503855342018,0.49242020258689645,0.14144991199250945,0.20769942511774053,0.59402462243523635,0.088253636966991844,0.17052995573190299,0.86939565379677741,1
0.53313812432660834,0.5916591732742339,0.67309865616815767,0.72891092175368388,0.77309921449676899,0.97252392989509595,0.4163646887979181,0.32044582329380844,0.072816989808812349,0.50928941953059426,0
0.51194947467442631,0.38385354487139445,0.31862550502422804,0.73507727332561656,0.41276228717123808,0.85693181720969858,0.78879881944317121,0.40518223679236232,0.24588624843939233,0.17290154834064353,0
0.17751623678367279,0.34937583650733928,0.17268469547473253,0.54916383407056668,0.22711978698266599,0.41240333578268995,0.89782821765247711,0.3265299322332339,0.15920680026407408,0.62283167416434537,4
0.85484045531347685,0.2307487161356554,0.65104240168137673,0.26687005049740653,0.44494073152712244,0.88918378097851103,0.98391777540922087,0.53799771350284198,0.25545590591400402,0.57023484151002946,2
0.43510803719260904,0.39545635030186332,0.28580987583480866,0.74967232824282093,0.50738792178046377,0.32655175291737604,0.9159016772309394,0.68477534734279033,0.83214238491594927,0.23273707115614106,2
0.05439062081921664,0.55404943939168871,0.087989561302631802,0.14541630344024459,0.16229802287224426,0.29567337210615796,0.64155030303439475,0.71201582513841,0.93011799471624457,0.083038650903479061,1
0.72323614665667024,0.22325783170082125,0.79536439725056129,0.59259372687097345,0.74105506444944902,0.40124855801251702,0.21625175369068117,0.00062689566191043156,0.72001729045897722,0.50481973289922955,0
0.72807305814886081,0.92521472592575316,0.32209333790522587,0.74404468618026298,0.32801962196015433,0.087909144395519112,0.44436202459496799,0.0067011142517188205,0.29158049421742316,0.33060728212267521,3
0.14691934277607921,0.83238512935485764,0.49243732777012095,0.70068519004023244,0.92301612277540102,0.34272109740086876,0.65336859449734885,0.35585075662994115,0.53048316112785177,0.78696799515418681,1
0.81045250136905755,0.061647610765861227,0.0098373032666736471,0.36729359241663495,0.75937104672337086,0.038631635188023705,0.14865595519878649,0.36595165015646713,0.13941713109670362,0.21224895889505069,3
0.2729927814527866,0.27931705846420962,0.11466793595974667,0.27763436073022774,0.06423056703917196,0.18712108195750066,0.80490641958701248,0.57951670029976521,0.0021484086950590564,0.82267627786139652,1
0.45912237441525172,0.55748939521591068,0.98681311827021212,0.75808784701892418,0.037076664553276073,0.48985547249194328,0.76384597421707789,0.23012465520186576,0.8720603888961872,0.047362569728016446,0
0.96109791365754216,0.7105995549967562,0.58766610733484681,0.79642711051336457,0.40375133074414771,0.15465300184049524,0.60914016322519859,0.17635514993985246,0.0086430833310641164,0.76071581972954194,3
0.69682991521455329,0.17675526063308022,0.50926538563282342,0.11877718688928374,0.11423267755444511,0.42710894662799426,0.13123918417928537,0.33360932766570217,0.36144929641215129,0.22960854216187543,2
0.14421454381655008,0.60108827236187723,0.44899065929173188,0.69316300502670158,0.74624824076272545,0.90795477924620049,0.9746111818194676,0.70957219164939078,0.15547581391657139,0.033355958767997462,2
0.92596119019389944,0.24070348425490795,0.77711477530667439,0.68743323384931332,0.14637070257127283,0.78127579661369773,0.27749474106554184,0.26525245734645431,0.21692680455485946,0.9982270864600723,1
0.99349451402334132,0.23530381326546734,0.81608851613808409,0.4838256297724739,0.57215018792452876,0.16628848411082831,0.9472317751007896,0.8533676920471388,0.17574864082336272,0.67433531144082948,0
0.7699667123961299,0.47940051430300357,0.2998066818166587,0.45058628993906991,0.479261928581874,0.96564897463072341,0.38930963133827312,0.042948328625199816,0.27447896113411863,0.69061106828588037,2
0.79178236869690199,0.45366649180254648,0.69926327273720568,0.58312864143723686,0.38909661318188105,0.96814214087485551,0.47900529023579719,0.35737271154372552,0.44832301052488122,0.27083505528250917,2
0.82333325394097745,0.92628400886736761,0.63644872565429167,0.37749186045219696,0.30387943384025196,0.48886838999057669,0.056426872597727051,0.66011146665164566,0.35490782316905201,0.013556522250533165,2
0.78034681046669252,0.97898532887934087,0.45606377879322257,0.12123246186486869,0.3313299218961786,0.037895587466649117,0.33371040184903256,0.0030579759587219257,0.61866203396217456,0.098026229882824945,4
0.10056894914852521,0.18405576642790655,0.27662052725395037,0.77622228207902866,0.15722743219827218,0.66527459801574951,0.82385599832588763,0.83701476397704599,0.31334477639344982,0.52784752255583278,0
0.21789134500764651,0.70607132687694141,0.46631389576523474,0.65853383700797974,0.47762648332215474,0.26123859313234077,0.86093353851940302,0.58530104853973353,0.65481545597371371,0.75673270894889832,0
0.6277496342007387,0.61441906759927434,0.50855440423045073,0.75203042899599437,0.14487530671158899,0.61974221325407219,0.59398580051905103,0.67508006410222177,0.93281467851221245,0.70021718292280666,6
0.12851579588343154,0.0016194853709253776,0.048124865571733788,0.7490013600316987,0.82722487470197159,0.26271766582774314,0.25359117950695453,0.64415286103485936,0.72676756859384362,0.62312383206261868,5
0.44441169230183586,0.0065404495458092349,0.20435228878745637,0.10564966298497735,0.61558277338618583,0.96296842564989804,0.39067551043813631,0.56515361234500383,0.9981570041234501,0.64702206541053608,0
0.0068667551112637781,0.8087522401730366,0.88093070446559829,0.66514855750437052,0.43281330041499499,0.22088904149209632,0.87098371684103837,0.44254733697296378,0.6369745257745103,0.59221982559448283,0
0.17775310453765458,0.29439407412428287,0.19653821021156037,0.60372069047097709,0.85640194512565482,0.36319905865491808,0.7815870571092548,0.5763061389543257,0.26682982659574128,0.98761896502958169,0
0.16061544734120625,0.11535285367068548,0.93487479209686108,0.83383547444795336,0.47816565630685626,0.42768336108815086,0.3891206467349797,0.46260499835305147,0.75942633568420548,0.42041715298373228,0
0.73364435518374649,0.1996337443196925,0.21904855606092655,0.78567343415409163,0.58662948755404531,0.5479521048050463,0.96665844625877262,0.74640365404778375,0.67871629568435854,0.72164901397041004,3
0.48270743916047854,0.43785201032614907,0.58185411114490015,0.9406535253780548,0.076905298514581832,0.59138851653412028,0.35723084586650755,0.13598128791949105,0.073428691251050782,0.42121839677344974,1
0.59570735445050738,0.25859856927151681,0.07096959662633906,0.11005956350704582,0.47383776831955304,0.2344865060794592,0.69674584535777973,0.46977373644962839,0.90296023778889667,0.68144239096004411,4
0.95158300129363615,0.6917817714953981,0.26290912747105255,0.88374615460963235,0.44468013132494966,0.24890811072365948,0.28770268085704254,0.82090171788027244,0.70983559709643329,0.92771491404481488,0
0.80725629482925698,0.8623320505446006,0.91948916734572006,0.38695868810876366,0.065661993274735542,0.56282115648693121,0.047024061725306154,0.51087739807352928,0.27185574840710436,0.69002928090561055,4
0.20850647794800437,0.49593542269832469,0.92327044218690191,0.88644909214432765,0.69678827841667845,0.17900817467816432,0.69720287439315587,0.43623208628092369,0.2611905685437873,0.3633641474658712,1
0.12176096324852148,0.32783955432477785,0.46656812545890003,0.05836234360796777,0.91329394541013209,0.61253332736714028,0.14396163373746929,0.54175082723855705,0.71080637978600325,0.89945280924088744,2
0.90166672859670172,0.042799987070935797,0.71134348672350933,0.61108292823179811,0.20623458752156132,0.59055150236861365,0.058028213805392692,0.81622749378494408,0.27361137248866674,0.28058458824340571,1
0.72460633402390917,0.31497181497122817,0.06034826261615478,0.84613825341692883,0.18110296857635111,0.76799943194119369,0.7379372927499015,0.95300389123876317,0.85522254642007711,0.732521505709681,1
0.34955492720869252,0.24355661640486681,0.66618250802291856,0.93098822175798679,0.5070537826993049,0.14261215886212053,0.98537746183840413,0.33522443200399388,0.7510852756037284,0.65674112285651576,0
0.34232291042723795,0.066290319463553571,0.033547559018841988,0.17808348168044785,0.91368604483211069,0.11284980616637219,0.89448125935192013,0.18006499916276419,0.24837044783760343,0.85654365206794103,2
0.31520489681200703,0.30481315046949575,0.77457461863157284,0.49754642487105993,0.60725452244246492,0.62846379244166994,0.38144388639141025,0.10814365537104997,0.94007345657448382,0.53989289387494277,1
0.97216624840524124,0.43572734027380822,0.48008903000960257,0.90753602003281331,0.73414846556548385,0.17985153816436517,0.7396621190282453,0.25707557900658173,0.62573333481780513,0.0065968084338736688,0
0.98264012282499946,0.31411554171394107,0.49318885644201194,0.13918426570262399,0.95933716729659269,0.86011560933235764,0.64077871153965282,0.55340743835082773,0.05482931904233268,0.23697723112552249,0
0.64721205234833667,0.57185015177717313,0.26700615604091205,0.97847764355923983,0.69463811282207555,0.81318750783244331,0.10084598407495848,0.77031635449117053,0.75726476782490848,0.47897289041423574,1
0.23301943105076284,0.4649168909791126,0.58829999792950249,0.69541570248241824,0.29526806787754079,0.27100121651282272,0.39585540633486149,0.12984524372075501,0.2987435508109576,0.57800471324176228,1
0.010842032316116801,0.73380041050034728,0.12889301842543177,0.90911308411169722,0.27562063943542381,0.10834635786141034,0.088319550407169989,0.88683378915220523,0.8736095232292217,0.19983818034753975,2
0.97747878022639545,0.39895750157046184,0.42501925793510742,0.04375876487208552,0.62465084127069892,0.68386744935230293,0.54858538731063478,0.19770879515606909,0.71833925781206465,0.20892784420845534,1
0.73735498117099729,0.86215517097784122,0.24312693734420854,0.43124033379617377,0.31092429807221356,0.068988948001259875,0.39721641127193164,0.74824958591206359,0.95858674458142912,0.41731596669421633,1
0.79388354437834108,0.32767226621635526,0.91333555522539434,0.91463108208805255,0.082855380185802852,0.53991178346756108,0.87089353255007396,0.20226485765421087,0.11080079312807323,0.66858248325751313,2
0.78731868216506884,0.32308592030566641,0.95545820605008791,0.93427260273236168,0.96197124443818638,0.14745855514042772,0.032680113712231673,0.45473143327821985,0.95838101700663225,0.056569604162028941,2
0.11115729197753288,0.70743903292580157,0.8931486401380494,0.20178490054997744,0.15812421092562778,0.88818890322674848,0.43659715232838237,0.89069602501710121,0.93910830408050794,0.92002842547014996,1
0.16140515477731754,0.12834408625987581,0.23782403419004283,0.44522581108037063,0.58648962705767826,0.23915961225702909,0.93279543781504093,0.22460357188621527,0.17037985070280304,0.8762663891633854,1
0.90333355603078169,0.54327156670277343,0.97453898657823712,0.84511982361828764,0.97082808755441263,0.19798049707873278,0.14097550356298982,0.69013755946481325,0.19191104719140906,0.72123027225598912,0
0.74033818068025303,0.83042306495510398,0.55908509673606466,0.7567053318767778,0.94407448410101824,0.66209163036122998,0.41182197420224165,0.21381156559722214,0.85462460919238969,0.015748463849774352,0
0.21158872826609121,0.65026408403392266,0.34524454122502257,0.036286660469456611,0.15203407243363287,0.51330129981303252,0.1434511725265436,0.71641452167074926,0.0064075144689387242,0.27664854379480286,6
0.13834672406783222,0.099003260024341566,0.62462876581259141,0.31726157104538266,0.44997475366838569,0.97824119877996762,0.080202254073684198,0.00073079316363389157,0.88332949185187448,0.64757955916478238,3
0.911433227458742,0.63607556766870943,0.18186528827579351,0.8835558307030309,0.30066871141888951,0.8606878714814713,0.10358538965888164,0.33743413824852786,0.090484495908111251,0.21765332045397001,5
0.010430841132946012,0.011294644719218927,0.28397705571649146,0.53447018147839043,0.99669741359228003,0.82947843671620602,0.049729367040562522,0.12361241705154358,0.67368434639627017,0.33811927332865455,2
0.9846040674554547,0.80235840594496777,0.75729863733198666,0.63548118385443708,0.19205193894623429,0.95142714760813474,0.51648859355034249,0.51062987497953383,0.61373123230765403,0.032037015459700169,2
0.97108212259720106,0.63407672336993204,0.13505895645870603,0.52591442378403086,0.59423267465577212,0.13196762408453977,0.2552484701643174,0.69967546369864686,0.76118090389072002,0.72195119256783946,0
0.52056072988883062,0.23372901201906682,0.65262898781450984,0.70561368117731693,0.31922666352716556,0.63966563339392146,0.011378446676422627,0.12069390893758369,0.55756455743220179,0.94811952510019604,1
0.4835005715111198,0.089812678052859973,0.76289975582523617,0.25879394357888508,0.28875607840928219,0.29221121997541144,0.23330997679682197,0.10643719046830802,0.17805492079567486,0.80973680980764629,2
0.67136484104380545,0.20967817901724928,0.13558786873238204,0.33079190246786927,0.88870239728749634,0.90881412019709185,0.24089313256504286,0.43515734439412768,0.020006530190195715,0.041073536127850252,0
0.31997760504820916,0.0048555280211391993,0.46557145633557839,0.38420422828313505,0.36088129765792509,0.15086257818757876,0.43576539653591351,0.25809090847390537,0.88361528915806931,0.27588872776839246,2
0.53707057746217657,0.16845338264316301,0.20139123945432336,0.74119923134982191,0.71324738659335951,0.84312975578892602,0.68799849109472322,0.99913667047303456,0.41795890557206816,0.27712842383573744,5
0.54523601081663231,0.75174913496087847,0.91751068586118045,0.96073872654928905,0.59226378013014669,0.7687824003297844,0.37100254098412444,0.83609796507146761,0.44754277784340257,0.035033510384197553,2
0.92651618085541954,0.13638716304582221,0.87530007589013348,0.042343106145269704,0.01505290704552964,0.0028313910891375471,0.12492124136463867,0.3229570839557625,0.89074241278500832,0.10495580559122875,1
0.12701901138180738,0.21466111482480088,0.051242026659213513,0.6304549400811752,0.38068102150949379,0.78264572942648714,0.52853579256025374,0.10626517322820617,0.35349141938692086,0.56250771088893348,4
0.2524388799770142,0.13864053881661398,0.371783196375018,0.98457068877262821,0.94878900201363436,0.013174158212139853,0.020168319064713058,0.59568472502905079,0.34661035256319228,0.6307361838515555,3
0.88278743572448592,0.2513669147700216,0.40558214483586918,0.36951175893072685,0.19705962999818283,0.97192298325867799,0.65509895087929471,0.015516243730254176,0.34643763331962008,0.20334115532879093,0
0.44745226360584656,0.23699498419130249,0.38189249283924875,0.63198934324529576,0.20657144373751546,0.75038351362088918,0.87917141141887667,0.47733769673724291,0.50632705499778552,0.93191282210010573,0
0.41232283836105299,0.72326396891392819,0.91601359101688529,0.11518066263381654,0.94323840291532357,0.8562298350514681,0.65952388564926767,0.85417763427467741,0.76461768974988364,0.16770679036652214,4
0.90652343221812348,0.0052140939364795358,0.80484381683421191,0.88565977430373077,0.97792037963935297,0.038927744258408503,0.030278948161685526,0.46943730349954449,0.59643989996366487,0.47715259632770157,1
0.34986228148483345,0.96507381624820454,0.16325844260707767,0.41478898850438928,0.78784054446167406,0.82783338482308577,0.75007388083904414,0.9286612696526455,0.32640316311949757,0.32946266408567804,2
0.62161265712696945,0.084872884493262912,0.59740774022648402,0.0071846810112363713,0.16207961906483537,0.86182184258694328,0.24912219849249961,0.57860899351551953,0.29346846201312593,0.74514267338682028,2
0.72527518528496393,0.62110531775989852,0.61915404444434519,0.55998125080133587,0.59047538068124117,0.010309726821093324,0.20710093663336604,0.39973156817881661,0.58436683340311724,0.43702667705251996,0
0.69744139906609626,0.95223118476248814,0.14081073445266856,0.7991948614850285,0.017450281602191975,0.59999019500905815,0.71535461327295646,0.13783618502956119,0.78666649867718563,0.79703954858496862,0
0.91178984123298135,0.37195751570856395,0.99915665431915179,0.046815026557754269,0.39059442306643344,0.56872744354175386,0.47837728468727836,0.40593913765897205,0.10287122115070901,0.96884545974182223,2
0.51719098220634008,0.35107821097836411,0.62264920023294801,0.11920748390982983,0.51498091239889032,0.70121536524898964,0.80641718612916324,0.74237624315578776,0.82410760321912124,0.075174168831933619,2
0.71015708077193618,0.234858547214157,0.01059976210946556,0.63376611423040985,0.17204340609827673,0.4484222126260804,0.52568411411107907,0.81587990493999507,0.45407940148196824,0.85223860738265678,1
0.50149808880978741,0.36286161118097893,0.66372903049140075,0.85165573693761443,0.063912623388225454,0.012129675142841467,0.13595260184105551,0.44260985030934163,0.51070464547309313,0.48822449848843241,2
0.33635639728190658,0.62684957580250733,0.0029689022866806747,0.33464253396825028,0.69874616451569327,0.53556017913266185,0.13193348002218097,0.30985327151847208,0.08729272124298737,0.72580768472327528,0
0.75044301869370145,0.4836951065257441,0.72406557604270816,0.16915445743977453,0.8193677793407832,0.8684108938841425,0.49473159118352417,0.94229394932320543,0.97864225601159005,0.46117049756145623,2
0.67869690871135169,0.25692587072035256,0.71389373248652188,0.13374994172799559,0.86002997509070689,0.18708542318716037,0.53069870980518896,0.99857022464053524,0.81158192084311709,0.27068720528378842,2
0.90216177601507419,0.94674232149533233,0.62621021827510093,0.18142496366660887,0.067275647624194357,0.40334678204835883,0.51884835718425171,0.35286218246608358,0.61379144567496768,0.66533977205924777,1
0.77824061505119768,0.51049241728282591,0.80097411784778472,0.47982503351057049,0.71830226532405494,0.76387976072498809,0.3217740928108801,0.20334764407578609,0.98005030278592375,0.22086321123782149,0
0.35004364411726296,0.063582098753505845,0.10269653804291501,0.028496581914742136,0.29156780382519276,0.38492762028652006,0.0057612824753867642,0.82284525900364214,0.49280306930925155,0.54294840504910136,2
0.74932270126283285,0.80379475562498426,0.23975167691641464,0.16042763555963835,0.15532909748046786,0.40029827939041651,0.92073709764633838,0.93397061455272534,0.37861911115948244,0.96702930265603171,3
0.87440758678914055,0.65450605482300583,0.92732574652215471,0.61139246548816195,0.70522507011885605,0.49729075345203766,0.21804096274905271,0.68039533630081406,0.93760386672864637,0.34340064024847028,2
0.46310611186041817,0.30392401425168303,0.086385089591700326,0.95348666497444479,0.53612817489242726,0.96242208252685879,0.041026372787339449,0.81329051747283021,0.6030773923125633,0.96839945079197221,0
0.54235969731302391,0.93474371867322714,0.78091530675564724,0.5188658073339889,0.88020994586310508,0.64718983856940249,0.61188098142565339,0.17689194665549224,0.86214742451944237,0.76482695621422103,0
0.40413839059307632,0.43548954731062539,0.15035444193051462,0.28682193441534976,0.71153360818864742,0.91341346089005349,0.97541418406821667,0.75163608741009202,0.27673740096268806,0.76108856523886059,3
0.75326707746444033,0.63968947493573081,0.77593748254601858,0.60325397561858074,0.41222064775801504,0.64932053617293428,0.92492417004120575,0.9512929773821085,0.45757804402835667,0.59475585744808024,1
0.96979363550935915,0.88424474895021676,0.65853751428136331,0.68006035266663079,0.51518720470207857,0.72676558728514506,0.49545933638892348,0.085053884088972964,0.78704842536086983,0.46546772858331831,1
0.43942487986852063,0.051559033042540503,0.18111437446504919,0.29633535266723521,0.089734733282762491,0.41640497860231074,0.095643122758722776,0.075998015586099532,0.041985630217186709,0.21160724728962366,4
0.41079505867163024,0.28751012979676782,0.99205718154811151,0.13141769445283291,0.78711418440035108,0.11609764175547399,0.60707571332670074,0.38572638380463931,0.65391677453240304,0.82917282573485085,2
0.10346288170041573,0.27303533061018703,0.07282983679472288,0.010119684727799672,0.72455207242997199,0.76455561882327683,0.46802957612820617,0.63194126806070661,0.22428469798966122,0.82614805606691566,1
0.34741995860456865,0.92517916429367253,0.065543928340321411,0.020601622792859819,0.45391758982467822,0.35366240889838163,0.76941887631894557,0.16669800107302446,0.92239057032783955,0.072473814420855098,4
0.1520090080412333,0.52562758881585137,0.62321099885594233,0.73165986370978819,0.48271750160445803,0.38701734398088028,0.0052240497673426978,0.9047120963800912,0.87154332010260327,0.27423864605416703,2
0.86033860454571864,0.87504599462892774,0.08038133149845017,0.3556020363440715,0.84146328141447513,0.23526930693926085,0.14240131103661724,0.41783866652260637,0.44672034778160041,0.4543349359697183,1
0.2775351966252172,0.49722281873087082,0.90744494938745901,0.16158643918939231,0.49407385954602523,0.39059189918780723,0.5913331359856745,0.65228517573380895,0.47193055201620115,0.8495484714206688,4
0.66452592716936421,0.32309957202390693,0.99295145047266287,0.31461072840353299,0.2794147881675938,0.95324458312387572,0.045441692498771724,0.80868589694710036,0.20838267538143906,0.86883544977129135,3
0.25767741915754272,0.19743350970014462,0.25313461288019323,0.04934762658933689,0.49107220532387885,0.53688239323150078,0.63244685919138144,0.85997535985565521,0.62204879887534714,0.20691408627233165,4
0.91895382412533655,0.61967852915969579,0.47903854052399752,0.10116202861072288,0.16479540047312902,0.91661495718994279,0.6315903438352336,0.02439478167107112,0.22889228696760944,0.57530725934698457,1
0.45816142013611705,0.80764615185286848,0.55699161342159353,0.2091088291145291,0.96001611126692987,0.75727621971941372,0.28173518646300411,0.78375831289427977,0.53424046458379604,0.05310217320478916,2
0.84822062926888075,0.015383131519210558,0.013593738516560983,0.050064967635225721,0.58711937116351698,0.85351057121036322,0.65765250975623857,0.92246053699803976,0.61767146750264512,0.42315332840910502,0
0.43254419366521291,0.13764155641908704,0.3302455351639596,0.33123362303608306,0.54041963349699096,0.013039243865845984,0.61243102996593179,0.42183653684178524,0.22612678906470851,0.15806448797160955,4
0.015010442206982222,0.42489359759178635,0.77519024225024802,0.60418093761790737,0.73069275184905835,0.28452265445586034,0.72679123742529061,0.28406184869691464,0.78342725139907299,0.45248623478759964,4
0.38940209074307452,0.37754220850608566,0.7374648807294194,0.15828753521813976,0.75862042395766383,0.63054535337817086,0.30395224704628787,0.58177820168191063,0.36704179526888892,0.73145026725275542,1
0.36478374815268544,0.046857627587224338,0.20467380332424945,0.30825439761733631,0.86656162410820758,0.81120308653133255,0.89907824054822472,0.60228375509356469,0.59889490701033099,0.92726141922449867,0
0.81896614218448538,0.50161309890219552,0.27168155109318481,0.62258102559946904,0.73833953884086423,0.87991496377632883,0.26317430471953229,0.16931081214701049,0.04534312073482949,0.98828829979324062,2
0.12966196855637002,0.37972006520931889,0.72591956034079919,0.94049013213400412,0.42699068067815116,0.54442901476101913,0.74518601728071376,0.74680287213476726,0.23561531036437788,0.2359716104204449,2
0.93517688486613726,0.87912925302303691,0.72962636159063854,0.55047767211721865,0.50146710374941295,0.56432019472753103,0.79587443313966932,0.55511164400564261,0.96094940878162716,0.052008434480529719,1
0.93078968334370626,0.45795826981660648,0.96155023359300273,0.78321206189201253,0.80157587105704386,0.3112888204291151,0.7173500570814163,0.2579492213269573,0.67759976557553458,0.82100165744780751,1
0.41089125889362932,0.75694737372298282,0.37772328137482569,0.95114054907096879,0.84686173261375275,0.74716220259934252,0.77877816216085605,0.86028985576086081,0.60045673785016573,0.31346931622686236,1
0.079897792645680532,0.092815055182436934,0.48233655678072529,0.57010031097264879,0.8541187017061711,0.076111220264888813,0.91740900325996833,0.90521844772001214,0.25443741657210894,0.55839056430659517,1
0.63836635902064032,0.38334864248863398,0.2453462127293361,0.13622564643927726,0.10335260569026672,0.93061217320690726,0.6018389588828964,0.52293985056671732,0.49923975776611496,0.82144250914265926,2
0.036981672988073866,0.90870002637914282,0.40058681467197443,0.22165141354504392,0.83801651639637786,0.47322025600523643,0.35511772104049477,0.51919270586327904,0.22516815590560924,0.66061801925674757,1
0.56954852500642428,0.70780343994423356,0.28114169986270843,0.98327858414292069,0.61819229257346675,0.9002782133330578,0.7473150763756562,0.023608066425800156,0.075349137836810853,0.53369919312367065,3
0.97113946836695064,0.84777277038269161,0.37268157819843484,0.93530319613525403,0.033029107298065741,0.37481868251658657,0.83677411186721995,0.82977075042915427,0.34213766245024602,0.84922412668805547,1
0.94319574297917441,0.07195552328319188,0.97624611849553178,0.96726414482763678,0.88542791980603119,0.49942928643613904,0.20913183431961646,0.28451792353309824,0.72555071894667256,0.097631739867384715,2
0.47347548371377779,0.59786150069798527,0.43114858972682313,0.67126482034351997,0.99293685243566088,0.11606900463320979,0.03948248243175756,0.12824765010875139,0.2801553373845791,0.15478568571990092,1
0.13441897317889218,0.60721014942107709,0.31675361334705365,0.068002969597203533,0.22568953596234431,0.98561153969043669,0.44786594308907635,0.83270597352982656,0.2989046249209607,0.8896050516002546,3
0.36432268030846526,0.54133245764080129,0.67679459393075292,0.86455378460838916,0.011220300175557973,0.51088965253285734,0.37953413855149931,0.099313514806041336,0.25785295440034128,0.21318481169583303,2
0.99418986620340311,0.56721197839486726,0.27350774158490787,0.65727669200624517,0.67135646143065775,0.71566739526160161,0.91517282101831066,0.013508285362006101,0.5963757616308234,0.79683201870699927,1
0.49369397744435184,0.28418961238128571,0.32372592537171851,0.85190094335320543,0.20574490698892911,0.41457977824353476,0.011331771597972939,0.48133806814152791,0.081946475128264362,0.67511365773759968,0
0.28437089065907528,0.77493229193910917,0.36233802524143521,0.1682131999829436,0.82818953028801701,0.74857077822462836,0.47421062607170694,0.54627004100457754,0.56064673976579738,0.41609030633573685,1
0.49225922580525328,0.59514492055480817,0.52113432486802824,0.34286824985617526,0.82576532634771693,0.87757758993642621,0.75461874678908103,0.21762150151156512,0.015699070002695659,0.75752820460589565,0
0.74413798797235609,0.20286645490528987,0.5166645573319969,0.26729049229419177,0.74482343668820883,0.44455661658220469,0.17951231569196735,0.074805097189441838,0.11087487456061551,0.94083629283415948,6
0.015814996344691079,0.78493149294372144,0.59071525378172507,0.711915610421891,0.93233412364748647,0.08243583861469761,0.043461428704260952,0.21489181411250102,0.10689420460496557,0.61465300544724866,4
0.15978925441978986,0.32512246423717994,0.22386908384584447,0.087625563119730243,0.37558344375648256,0.77689360496235538,0.047235348926447207,0.14318892788232052,0.66526902966892276,0.27289019617764743,1
0.98219105749706159,0.20266848155609252,0.53903435594141391,0.19261802769097036,0.35850349450885322,0.12526684650072206,0.43014630832042822,0.4858857849563214,0.4566082745268325,0.4329809420214582,0
0.39333002343365242,0.085149621739456949,0.98111133259745287,0.072952653107354437,0.74753875431555161,0.37076623780844242,0.27260770708619908,0.89929623383673274,0.46372796333878552,0.29160213524604239,1
0.10138404182403804,0.88849729137986888,0.69596271242748542,0.56666811450973686,0.21216103470896763,0.33636779382284931,0.38442871668481382,0.77619935733207091,0.82615083689336033,0.8372043657698226,1
0.3149894866065357,0.045880315353077794,0.7342974614850869,0.056574733806587174,0.27196853900945628,0.46779489993295564,0.025498449609728469,0.96833946471272525,0.56577580502928726,0.24113602352029073,2
0.12839356820553849,0.14412596230761243,0.22364776665376207,0.23819334900290412,0.01612367470764553,0.53796908279131339,0.29745402940272547,0.1399433385204798,0.32027414224408846,0.6178069265369398,3
0.81478634561748742,0.013094323835157184,0.4164101300572528,0.30601728848898169,0.5755206735693863,0.012839950667494993,0.39706094838886818,0.58060663998096684,0.26460093572075616,0.20899848913922847,3
0.91559489078400458,0.90538484418309084,0.036925148976480582,0.66873748627571084,0.18292581423474019,0.33991663071465039,0.72621460367641555,0.15490848617766795,0.96124115756521644,0.38654360677894095,1
0.74340758287555297,0.99236383306611031,0.54584721683256154,0.77341608213425561,0.2806197324740084,0.17111553002798374,0.35608971037670722,0.60431069569202212,0.082409651650572013,0.47804746234084383,0
0.50902273766793615,0.78061935728128595,0.2117670503641329,0.81738928320799187,0.42516636597142299,0.41544713563276914,0.065990783839528722,0.38432683925740219,0.12305501580810674,0.9152345733224555,3
0.28428119479178038,0.92650500272250669,0.84589964355955893,0.047207589934016303,0.08094465978802512,0.86340589008006541,0.1402150296986493,0.25842380373386942,0.3231259340575624,0.21514236287663102,2
0.40179567021614926,0.22754961458177381,0.45433209256775509,0.24391736344032178,0.78160083783159051,0.89350713099206303,0.53259708386307192,0.77864502690814041,0.78271612419657943,0.075983582041503239,0
0.79075954187813524,0.47474788188434436,0.33155572855186766,0.15451963684703074,0.42219441362912391,0.25042406179616883,0.78284520759295151,0.18325331159201308,0.4181136702361814,0.57252215465226086,3
0.010176586140266841,0.92623074089036395,0.10458392666325156,0.14059625187094582,0.84227149079618702,0.6699739432317986,0.80854182626750637,0.98700929898160428,0.83054587689908144,0.61139062278815559,1
0.56770829655647359,0.55143508280716136,0.06188611291456092,0.46901160145189014,0.521863630992905,0.99634203252941123,0.97321922869852562,0.5045294242641557,0.6872753056156623,0.76432597145086945,2
0.66971166562634332,0.82369453179619434,0.66982323497064999,0.69018255890698199,0.48088675689047988,0.22792207145695165,0.28254538125014605,0.91687556466543696,0.078197813997270549,0.86332039133421068,1
0.22334030753836909,0.28152907115073156,0.47364483829168236,0.75822736816006042,0.83836713864593826,0.86488479813240338,0.5316641316882017,0.31895762878672362,0.0031450066544582711,0.73964327661485552,2
0.032798215982540402,0.1151824820223375,0.66816217622675289,0.16492291269042214,0.39915013479398254,0.19197994787580563,0.079314859436185214,0.22425350837720803,0.57170954848553446,0.55804171355028365,5
0.13697599211360734,0.30976911936204743,0.18386354408693828,0.20213495939802317,0.26803734612643026,0.31736556051978893,0.64585461340349692,0.63202799934466369,0.69420617772545357,0.96832608184079261,3
0.62407247336923799,0.44936899151482379,0.1302246911761431,0.75750853265120344,0.060395432451073372,0.029929821936718004,0.26406691478250921,0.72831644294753906,0.64392804425632599,0.046582460208992593,7
0.25638670153760601,0.59463540829323303,0.39279492838335794,0.5136259990974853,0.97223268602258839,0.80706626512657309,0.84630213963461232,0.75183751981931357,0.28916442443947377,0.92504767140733957,3
0.80447771475736729,0.72844315431588702,0.73594098011303022,0.2661536370393871,0.55204962000532298,0.28662661928658761,0.93923410080919412,0.25024407117424252,0.19099788504101078,0.72299440420260008,2
0.89409320064087261,0.81265930107575024,0.21065279415511795,0.97083700867214717,0.42325876399811224,0.16926159963274801,0.57573623670621266,0.72844518813392389,0.021984814777005202,0.08605378246380857,6
0.18569618072901506,0.13559981425336876,0.76459358920573994,0.093414383076172891,0.34351923920538285,0.63665866762577927,0.6688252261665707,0.73022884396964394,0.884679469749449,0.68033431458857674,3
0.46104282654337991,0.18494474469612976,0.80536721034559866,0.10411652191294918,0.89015217151548498,0.92134613186515402,0.53120960906519232,0.30617059109666911,0.66734095701525553,0.12046438448113783,2
0.78067984309737082,0.24624527769000781,0.21290662494316681,0.12392800110349833,0.63512166536568815,0.37778664655746286,0.12697697306370481,0.30691199849290696,0.49360513653906357,0.97144801517855262,1
0.85670381896412195,0.019295720723269016,0.13066059619275672,0.33526109259163095,0.05948790358898548,0.69652175473794486,0.46871052541518543,0.27190695552132504,0.66898535747086807,0.91071871224484835,1
0.19961156530181612,0.20015143539753,0.50816731412319616,0.83672506803721758,0.58577232092481735,0.88761323222786515,0.77493467212424305,0.34368805662031321,0.064096099233737713,0.42602331234462409,0
0.50335387312372382,0.035725566821315002,0.3339209653472901,0.77874195302421023,0.9492770215604015,0.73807403424557327,0.87690122828979156,0.71907583307525191,0.2986932173048813,0.84297699470280318,1
0.82084692641739854,0.13595010668975349,0.67314017192188536,0.57875713601987056,0.2146899085831081,0.5244159917027954,0.49145742373412571,0.49431341737889445,0.54791974420027134,0.54342812632960591,1
0.78448644191379768,0.23924090712860957,0.0066503527781308636,0.8083549626098645,0.36060555755047985,0.18218337391264017,0.42311652662919208,0.35527220525750181,0.91847226765429413,0.86122360861428082,1
0.11308368730539631,0.56552211578192368,0.20276218775069821,0.5088670219611513,0.32677624270462802,0.12413277886538399,0.25544734687713222,0.83899339834729758,0.89185307370918532,0.49475821653635199,0
0.28064587360358029,0.69036937198289861,0.43441908850118882,0.034592324843554789,0.48329647398789966,0.98881990862831626,0.69612532112215242,0.85865733176038583,0.80423135320525818,0.94489955823637128,1
0.64614557943201045,0.17157400336154649,0.074710672668946376,0.76045364920723102,0.090534953716068789,0.19109930611793735,0.44756547316075379,0.026850634843151089,0.32194094221689906,0.51263000578603857,4
0.91855723532274403,0.4561132690744788,0.67010737468977921,0.59967855722627739,0.98445751013626936,0.71650263808968395,0.22706470074411023,0.93524194503048386,0.31605679396530384,0.37961751784481457,3
0.67870534469105526,0.86700160331684728,0.36598461726979314,0.58164029439602905,0.41767550298947009,0.37542692044181747,0.98275711125276022,0.14918751931701435,0.51673627476171535,0.15650947875542187,1
0.11112000648301734,0.28304999288299371,0.98622633873166987,0.71767111557971619,0.24177812258697384,0.56218143757663641,0.36852610747931291,0.24552076606106266,0.53603006389935326,0.43484818935368097,0
0.95629124694428702,0.29858305793306505,0.43630712533607829,0.14701648075507323,0.24442541047010291,0.40123661001490285,0.39240827902987507,0.69735023391221318,0.72691064210372958,0.29649417226005903,1
0.67890974628772183,0.15790094047287084,0.010131933249408309,0.412930542343244,0.5683135828149628,0.59549513182465985,0.89224207777378683,0.21432989408033298,0.93667285729721728,0.84877961080223141,1
0.3782272180455114,0.054004809931238351,0.072046561353253824,0.70380793677439424,0.11754059664787364,0.55316774940912516,0.79668245856410125,0.7451703977248697,0.35964061013287396,0.92303060549220617,1
0.36418120852593205,0.73322364139869201,0.10010425224064412,0.73684708570263169,0.24457071100357664,0.63356645864722694,0.55255457703926758,0.59310028292425243,0.96222749495314175,0.98238203562382653,0
0.74639032674821859,0.73702677791146498,0.60732421655881952,0.032056556920718182,0.015120978919522798,0.43924207030558016,0.44672225863748316,0.84724813700032942,0.81884571399990591,0.77804559604902912,1
0.17259406551893186,0.58279338126402791,0.45872277585448784,0.9018777075044091,0.70219110319567857,0.54518486625935492,0.41986717104927196,0.31662382349389562,0.66781444981281457,0.67224395339504373,0
0.96531614390150056,0.07861320084326251,0.17784965915942497,0.94457922548219975,0.93577197277513668,0.35052428644487454,0.18420407971958597,0.35821753813558366,0.099820111930810973,0.64489575298868596,5
0.7170000704637195,0.97503506404792339,0.77576671865520763,0.65029823548059862,0.12932879729648594,0.58607127162494077,0.95143122704902583,0.1540151547298424,0.19016219045535832,0.48617496808395932,4
0.63384796352401163,0.86879164888078531,0.27266565777907503,0.7978551983946216,0.6151555999282976,0.18180483199931119,0.4435315879746331,0.86216684488064133,0.45402778184483805,0.83596426965055637,2
0.5891325516805046,0.031248836847788675,0.92933096097120449,0.27102526446073472,0.87128042893195867,0.30267562241328805,0.0089319584441399646,0.29333052406951132,0.70277344247858153,0.90794483726861153,1
0.26685614290637516,0.60546126497552177,0.34377208006540172,0.20547598616039586,0.81299417727415202,0.44314222452994179,0.79777013014778753,0.3964333702070908,0.80927909220336036,0.17911176303859944,2
0.81293304908910102,0.90565466625342228,0.73770592149127434,0.025061576895582083,0.27444098682910023,0.098720213728237693,0.1953208373107379,0.13754509592049247,0.97864910596077948,0.77866291103398755,0
0.56976165367225295,0.88049290137135117,0.26552946850597448,0.13221816587517476,0.64754627282412802,0.90682714461906033,0.21387196599769764,0.20532596528673286,0.44093559334682997,0.39504272982769506,3
0.60111009470543098,0.91901336239352971,0.20973173085019414,0.26297005674481366,0.92769899022395053,0.99115039907247438,0.55798630635937541,0.90040211546704196,0.33141640362873237,0.98427904940394717,3
0.47273424310900614,0.18671791986501685,0.2505894617019625,0.6723483300019466,0.59958856146590644,0.51746066500241761,0.52367971534163205,0.55570500895234132,0.1510575457498522,0.68095174269936354,0
0.5759214001852534,0.78428988381906706,0.37792699335427082,0.10079958698195979,0.90444065525591344,0.70939804606687062,0.69914718212619376,0.48909869094771941,0.96820079594259256,0.40022319026994813,1
0.087587455336705311,0.5175402072793952,0.74340436038583835,0.15539571371345295,0.43926664443713181,0.13173167377542461,0.76513115450984714,0.4370944122728273,0.15479745132825973,0.28738411367956895,5
0.58604387393765223,0.55146542321925385,0.26044843235506632,0.66887059146906813,0.74121695798464793,0.67864108128734613,0.48696376661128848,0.86403338644547345,0.035865957963472139,0.66313575294133031,2
0.73900146490495455,0.29329285144609374,0.7015922058977252,0.36127884617218609,0.19328518056374044,0.16297192153994211,0.51987375046727691,0.9408015920170506,0.6554772793892969,0.17008678010961609,1
0.58093613182672921,0.38639676519151678,0.15904107443973625,0.45853784451519719,0.029299120915874277,0.66026276297064346,0.83122935159414335,0.60782850378323461,0.74146512562643641,0.52381373494973926,1
0.033510754390296382,0.78779759797710414,0.48272511872310264,0.63896739391762047,0.96746768742624578,0.58934885860536934,0.16107526322136057,0.68201924630420796,0.68527202374619012,0.46965988854679441,0
0.60742407416668842,0.92739145392345579,0.054154619885184774,0.81504103109401993,0.012260402852790842,0.68074220967817511,0.78050106879680514,0.53897011077000734,0.62973750947114693,0.79773242212520157,2
0.14037716899759345,0.097410276597590606,0.80059222334486402,0.88106491934773123,0.48005670144173396,0.67872078517712531,0.35834365648806699,0.82659644682450961,0.33097525533821692,0.57122385656235852,3
0.98603832257622626,0.41003813642420495,0.82965810051883759,0.51624126561316996,0.6761416698520587,0.79314937941903363,0.71588350189324501,0.23152406030372841,0.86125789236421668,0.12874041549899162,2
0.41488725243522051,0.80502048129112691,0.83009803615537781,0.35873808674651864,0.67748917370146478,0.37717154346790149,0.52771897082904073,0.33417792723982132,0.98270424589395777,0.54715632034608686,1
0.12194786438164329,0.88967125371612887,0.62815528128087561,0.25784415255350579,0.19307752187415483,0.095737537239486858,0.2764611804396736,0.35979709500396095,0.11101007466107093,0.29995050815027935,1
0.74877305821901885,0.30839869543600318,0.79139544945643614,0.31577896915804837,0.22408117537040551,0.91832217572105812,0.79449348811936682,0.64943571824159019,0.57828031916315825,0.38920884500863184,1
0.59047560258543519,0.31282479932076712,0.25577147861940874,0.74300192485539729,0.84811350836613519,0.62954657899420952,0.43572254303014779,0.77839403813263053,0.36310595401881529,0.19587339583844376,4
0.88588308192627052,0.27996446280655363,0.56148138214264964,0.992538837869683,0.9590420172776295,0.094139228033031097,0.41497650308710321,0.57298048488268538,0.11664662430427375,0.74089703445845734,0
0.19613174583353621,0.95063536422145345,0.63448084978944985,0.23190155964584735,0.86196526718008892,0.48554474404035952,0.59076623442702325,0.91696712360113697,0.40815630008042569,0.57276496541415689,1
0.51452020680642263,0.81519849515262899,0.19236373336166412,0.51973498608996127,0.19168245256117655,0.061749886527853404,0.30675793823506203,0.62146113214650078,0.55917864261036532,0.034823804316967633,0
0.88221299418936661,0.439257492076219,0.15409258436043671,0.19519471894556362,0.27682292277927267,0.039551298670134072,0.42563346517365919,0.76085414638971371,0.019785478771914722,0.84552824373584734,2
0.88229995470001044,0.13225148721939495,0.076914822164519281,0.16542062459747009,0.54870894655181501,0.82332451114152294,0.92035298237117036,0.42455007573422443,0.65993128961411862,0.9333274972013379,0
0.33130144509350956,0.11311410391353138,0.50851233269047835,0.42419425067019589,0.13731489831654331,0.76137701184977469,0.067899966380178922,0.022524003832257833,0.84971703150759226,0.34312497868370129,1
0.02732687296535119,0.62558282609324456,0.69571876892174955,0.74264825074140173,0.52246661415465689,0.094372053025558511,0.8827389530065084,0.64118800054821667,0.59831502436303452,0.20360448867067216,0
0.61786775196526689,0.5619780984989764,0.93165768314263497,0.7621489197033906,0.38079159480528635,0.4828041192876491,0.84804381954813435,0.54822399582070902,0.83056841033016393,0.23130926532064977,0
0.93598114356337159,0.4521367444181511,0.48238137631603117,0.46535419793592381,0.41789785861547735,0.30239264504184227,0.35183272417519618,0.08511107531393991,0.79673741981680468,0.44445951851629784,2
0.13919581704481165,0.39353670373915373,0.028242654888162133,0.037291452224513688,0.2582358284147328,0.73986805324573734,0.73307000521536281,0.1926342305972325,0.87205812973896568,0.51455853435351273,0
0.46247612121277115,0.36009408672344112,0.99634332260518954,0.49283988383866539,0.085792948044349338,0.88412460338365007,0.36184350413535682,0.31878981347752333,0.26441335695169188,0.4388399373937808,0
0.73409753299628688,0.47359871165619494,0.5897040215464413,0.10496360524486636,0.13867655059709749,0.2352344035143924,0.69707574237793013,0.555377389838415,0.014391835204674908,0.72328324789589338,3
0.10771401823690863,0.165061187790149,0.087014082410914462,0.90916985174212295,0.93455766817427599,0.4578801545038349,0.68579207882500515,0.3348666586173471,0.76983724226203698,0.5138038379104698,0
0.75456624038464815,0.82278728843397908,0.52420737077599011,0.57121009617532992,0.14109143605161134,0.41635808812752739,0.83638821627302817,0.094392207788405957,0.24123602892160967,0.74663495514208134,5
0.80176930308448457,0.29545797440674482,0.14881279869812136,0.43215436277907227,0.60837478525773803,0.17091661261087554,0.75275305315374275,0.68615678510075706,0.50014233576270162,0.71216936568885059,2
0.32374221167933481,0.35976485296897776,0.31491587981760605,0.59002741862941344,0.044312132255994174,0.91142520400434102,0.7135701311902759,0.80828845046988362,0.52455072417589177,0.27038235199295091,0
0.3881362098172213,0.0035737189857159013,0.80209923969183383,0.83384003480966895,0.77428951270851798,0.84502219596283146,0.11470670156939056,0.19091513888587408,0.72172945720384696,0.40384979825578937,2
0.25091328507322985,0.43972092998780943,0.89785211242809659,0.19545626770123348,0.24099577317985232,0.4075791144893951,0.13070819383913057,0.67740004800225539,0.8000700208725281,0.17224245266285643,2
0.53071889607982869,0.45468127777520106,0.93603210290150562,0.48345161520233293,0.56759931193887836,0.29650187314568499,0.16013368270124029,0.2776487376262613,0.10573104540005018,0.092155273652707592,1
0.16543858614641116,0.067187879485719137,0.5274191784374368,0.56023521111403085,0.79511364284748076,0.51747546598139738,0.28853054339577466,0.52235116122592073,0.59571246219509411,0.60414955964104378,4
0.00093757496436941423,0.26281292722046579,0.36783820676076662,0.7808618135266886,0.5956765353748037,0.87889570659824856,0.65645507539768344,0.75433669471651321,0.95263851751205397,0.59181728273844592,2
0.28168819922847232,0.88420350192676223,0.98033348568122636,0.056752581711825623,0.80244319778440187,0.71233878961819574,0.70211626488286227,0.65282827097867657,0.14234309165097181,0.48272137207571175,1
0.49279020248206629,0.69317401048504124,0.10501770336605287,0.4853637514586866,0.98388924251188736,0.41034757702430902,0.40533665581498635,0.6791994199810848,0.78541408337369145,0.57803073080488721,1
0.33585590685062527,0.82215182344097948,0.61319466517615306,0.25153381317627788,0.44398672829727381,0.76626592617175482,0.64817051063620523,0.51476691561827403,0.80757930425381907,0.17668127885066243,0
0.168966255893509,0.98330685774005111,0.88257515205549708,0.62314878806538132,0.26859056283502725,0.9702311809022629,0.16398032076929325,0.36788457569987232,0.1751304991272461,0.32455557653272749,4
0.95943584834087825,0.29701775118019813,0.48450174049349159,0.35307016145370884,0.018992889275747604,0.29560660522303728,0.88422405639099944,0.2740170262322188,0.38663322775486364,0.62706508814687112,2
0.24030200678722979,0.17787267517265193,0.37275868183367988,0.84502332352032783,0.14976208864777352,0.61898282618631739,0.11031505733505365,0.21182098690217832,0.37183731096463668,0.10306474155765555,1
0.60842729892666036,0.98371939856236223,0.16785895209756663,0.61400779290873686,0.50922005851110097,0.88764158407682769,0.33065592727743021,0.87411754413057963,0.74653304227601125,0.79879403195124499,3
0.93402059208972654,0.38397931042234168,0.79173380240291047,0.64054966245070488,0.6424380240507368,0.36160828989156701,0.22964654189981648,0.45190494308790685,0.88857524161495949,0.36505352408118641,2
0.45743191446320919,0.21387805336133037,0.40155782069559909,0.043899763261145197,0.27078297636198201,0.6711973852855081,0.45061610305569355,0.96476160299300628,0.76302464900936895,0.84885226153087212,1
0.82113814233584681,0.71006827771592629,0.72499281325708775,0.84877067855445465,0.78260773874859346,0.81643340625403926,0.7457092899390898,0.63483486824605673,0.089305305244550603,0.51653082823504703,1
0.67903850675068977,0.7688097607797062,0.85631974590520499,0.21898393543448447,0.18403705708993934,0.65798087595488564,0.25825246419332704,0.40239895994196606,0.59874228928227302,0.08636417605639346,1
0.25887423862291425,0.59780802572465264,0.51153954933501478,0.76266130990293945,0.86599637818577635,0.75589315254931833,0.004590313872028795,0.59332454067175078,0.2694266023294748,0.77810198795892604,2
0.60632766201693367,0.81817397003545189,0.9373088762121633,0.84684931337403146,0.55387625361606529,0.84810835648154548,0.50556716876250996,0.3315013373756559,0.35332478246256305,0.001688564786852198,2
0.75776320636478245,0.41599139424072684,0.7979671161030315,0.3122462273010207,0.15670482514096695,0.63454046425433019,0.93306259838348737,0.83666480559149403,0.11455843924549491,0.2885793121108986,2
0.071004502001319691,0.86203943279719675,0.74930843273686898,0.72898387670911569,0.46173928777480433,0.21223299862727307,0.55071788559520329,0.18833928248053955,0.56355040602767548,0.13827613202003575,2
0.19433829913085365,0.21294497173181426,0.22730175972711864,0.14986216721509971,0.50538988377733773,0.11227568998156467,0.81819190045436385,0.83122714148861043,0.10444500945838697,0.71822692181908754,2
0.46819785530859859,0.89646616486373631,0.5859522350582298,0.57669784474121932,0.20614072969498909,0.05875631067105791,0.71118609164122226,0.2401034585495736,0.59690282289382057,0.76157323375361963,2
0.28305652345486643,0.69482563009790632,0.074561628112660205,0.89166308013665485,0.1038453462368828,0.095175733954831032,0.89684125687996774,0.45994724253141361,0.16134032280061683,0.35762115186817944,2
0.46632984771077934,0.93036359983915184,0.092274260530473828,0.59760224234043158,0.89425781729419074,0.77160895378471661,0.66867475993370851,0.32461967183654505,0.52628050979256358,0.52596536137798633,1
0.41300777850830939,0.48883693062534017,0.39484861532905169,0.47444637031606485,0.70570520990588459,0.16385157724656019,0.94708680047329374,0.8345318628866627,0.28028891411194856,0.37374703156245481,2
0.92660940865535601,0.85737000642093497,0.16522146006131455,0.63345249632106915,0.27914498888103612,0.37275302608675287,0.86505915271295908,0.27983835175991756,0.35205281217778295,0.60439478113431533,2
0.40334617873760004,0.94099272069509976,0.63485913046727305,0.89509105937830136,0.54920338714795569,0.92300305821156847,0.74005222088701117,0.083863093864111504,0.95458744976335108,0.17081624377585458,1
0.64039197758955402,0.23278699293865968,0.95182251670376772,0.21055546373405809,0.81703451434413765,0.54667858277215664,0.017617895780853154,0.1514389842981172,0.075479596240712987,0.25639766221555116,4
0.41880580817731716,0.9361165709195417,0.4818053698757786,0.77002369280194927,0.16394078401770851,0.96158175595307172,0.833111579194032,0.88630432101164836,0.23360359395277197,0.47243701134391636,0
0.98379598265319113,0.10423629181655536,0.035381715937480074,0.47719018093782128,0.59439190194762348,0.80444378191934796,0.085621285982318662,0.64884039734307464,0.47858840747126263,0.91613286653597026,2
0.11925649220938694,0.92401137237340902,0.58049911536439081,0.28969161603835747,0.11506521268621184,0.41493145638112139,0.53471421264845698,0.21502457570541056,0.23630129423784663,0.45832068113159086,2
0.40945010179620733,0.6596981428404215,0.52969859025176502,0.91223391165603041,0.5940995608307551,0.83298635243565355,0.89801890332509637,0.64860166388920215,0.27781704972999777,0.75152161329889766,1
0.17000481553879609,0.32676060997168366,0.2028581683470928,0.71881402610576273,0.32833315651829442,0.25036262564649514,0.86918338204808487,0.2734669082368355,0.35334484526145415,0.7344710246723769,2
0.66661139505747691,0.81854244076201776,0.26859188866051187,0.28144381227727144,0.67296657502366108,0.6186791388159032,0.18491910879150864,0.89654088213404592,0.89897222907987684,0.69215703025644471,0
0.57636864431828183,0.91258527661168587,0.92495805931804098,0.93234240922350609,0.93884015068159221,0.16306207226007929,0.70120292077128432,0.063654120037548445,0.75702356828011019,0.96788511938113819,6
0.98287839853270342,0.14297818003249518,0.25917328491547442,0.62966728134096228,0.93609793984912804,0.6509286463546925,0.60560127323326196,0.3118217665330113,0.11698564980919035,0.32723426296716962,4
0.87721376717549149,0.69769512991209659,0.72063599397551703,0.82410200988952342,0.80130754326564979,0.26788231577100741,0.22480971995146726,0.92034704222869157,0.59564977915837192,0.69500440192897528,2
0.10341279644731105,0.86748179748145149,0.71062987029349056,0.18516646655412194,0.032072559131915424,0.5954076003435117,0.023732830660219251,0.28281676108905651,0.92765991741220077,0.7250784087042712,2
0.36772426302451244,0.67379539205729777,0.030512191651520748,0.8892299829465683,0.9129984757572861,0.41954292866071341,0.39902075803873749,0.15009834976220737,0.43540752032365959,0.22425054698308367,1
0.82184794257083271,0.38254354941237256,0.69328679297760798,0.059845862929703064,0.5012369833760193,0.27174843198807941,0.045908543259111867,0.58461624409537172,0.10581421448762762,0.083225672651706994,3
0.8094287227954472,0.9233971335774942,0.36138494227395823,0.63455104932443596,0.48927331394371643,0.70761623390256778,0.54158236083294176,0.68296090185343183,0.62881533049107763,0.076986933523359835,2
0.28095353469258955,0.41515511993518517,0.56671842544963469,0.50498604400319624,0.037326158416874144,0.41378455546375081,0.025460169565170609,0.33900827972266667,0.022559742523778459,0.78329607527015876,3
0.68843060292363689,0.90223686852594731,0.079557802615053741,0.37609866561494909,0.16009626138726707,0.70788288438290758,0.58411305708101624,0.16607444055953757,0.074818308573036174,0.76350559451072209,1
0.59467377850621428,0.47753520902840407,0.277610813747592,0.20816530720990012,0.53868550696910988,0.8326698900379732,0.25169525431440998,0.70520963903161404,0.61812738237879095,0.3084813282397173,0
0.26134051023156635,0.17058938525448641,0.74649899807711606,0.72604606641447,0.26669441202472632,0.56306351939897714,0.55890329051873222,0.025600144019708893,0.023493819073299171,0.42976991946548693,1
0.52607828179276173,0.7153136826280333,0.79485497929068438,0.21972857894202946,0.91284876857377784,0.11723907511481901,0.60338383307964982,0.27699703929786934,0.57165681873317065,0.15401700094770188,1
0.90716360372674787,0.69279148165669657,0.52700766585156256,0.75162643724833056,0.60914681016277628,0.080358127533977419,0.66535642683526941,0.72037367331913338,0.32534088525197069,0.059366471333199167,2
0.52766577892417244,0.69828162332136923,0.88207389798794322,0.97809981206075958,0.61066431219531314,0.95115632033760944,0.80072555091705166,0.4760338219870125,0.9086563343802706,0.86754422005566434,0
0.16873878600016956,0.67438867479260456,0.91697758038068156,0.38432185778939887,0.084752998051513595,0.012781242797244352,0.43423257744049104,0.48144915553960643,0.53294122672463651,0.95296909174475619,1
0.35020252996167389,0.2421106791280897,0.81336627724694888,0.70983381179537353,0.88141040104832202,0.45176988273241436,0.59935440309618837,0.098562034031626333,0.68724285346809411,0.08119344058856881,1
0.87453400172094031,0.21516540080266044,0.65065801514462795,0.082298788745298723,0.71508975246589701,0.66566081998942939,0.32784632981211881,0.73480755892497385,0.92358044622580504,0.82580338478747206,0
0.4165085373676003,0.48189806449269978,0.45419980843781405,0.9388325788010059,0.92270306628180232,0.80243687704016509,0.13492071331400646,0.31230367151118543,0.84543759878402502,0.97389116806640064,2
0.43442568639754631,0.84739935668766786,0.23512977431124837,0.9320321961552902,0.3776212218541497,0.22162948082695233,0.48919613233480386,0.81126373473828195,0.79617355922372801,0.36886075077165192,0
0.9162955311344233,0.043522564337225789,0.4407312741157976,0.69289028036734956,0.36786740423164987,0.82344710148341027,0.38238107576537728,0.10417931776979517,0.75919363549125785,0.17475757397580349,1
0.80957883368222061,0.22044090389285376,0.043094789338899764,0.28699487539120061,0.17766465814790433,0.15857241305774572,0.75574576210830124,0.22122566672712907,0.22649846393776019,0.99035020636873972,1
0.59700048195091915,0.45497771560439015,0.48076608870354631,0.29214208114204177,0.089889684657830871,0.35584566259336281,0.90009211754580432,0.62750237634370198,0.4693506575027756,0.16636772959606516,1
0.039451700603423734,0.77502983340156784,0.26805262859622747,0.32413709841587346,0.29766061025675561,0.13833097400803362,0.49134886407115019,0.59955222559485921,0.9327406896045578,0.23173190966123813,0
0.61966482743571827,0.2105141166390917,0.56611016323364882,0.19966766734972441,0.26480561328410224,0.30767040220953312,0.30526099207264523,0.8909422646739702,0.49112062510152255,0.39909905315140382,0
0.35894933888572178,0.15660504674009401,0.12010827789119405,0.48833379278588473,0.6695240556258798,0.17773666224897355,0.49121920477105663,0.38301862091271033,0.55117266390710529,0.12496459434817508,1
0.76603983482200955,0.98826682310965197,0.62515666616653032,0.25882711433892502,0.44277326993980715,0.042894047334539831,0.83416579249424749,0.094919931131824176,0.29342778107279954,0.86993229423448426,1
0.87072446708341877,0.60441328415926632,0.22744593033399685,0.6604611541581541,0.97497073724935224,0.85090063330738575,0.16851082237759263,0.51606650449939773,0.76901804470375856,0.088750513432597322,3
0.69166425485408889,0.75397785131152206,0.74064596540486849,0.47205170289485354,0.48644767518739251,0.33236639607983898,0.70972028856271718,0.52304934506515499,0.061292663353279986,0.094243854015917727,4
0.065130417482822667,0.68823391292252878,0.078224495670786931,0.6997112088266052,0.047395288898717025,0.8615118750726668,0.61506191927686715,0.11699935302334197,0.99568126556278425,0.84156947800315873,5
0.30999735722695487,0.393539710654635,0.84563709511319896,0.0026233361910819042,0.7306620526093911,0.22645116345257643,0.1219004480212712,0.76362387130883458,0.15300710247846683,0.85962361375953111,5
0.62377749151877271,0.89566821196478486,0.072814722928796538,0.40045828031102926,0.11289137364556856,0.71407015545588237,0.61492671367665719,0.57475509119098045,0.27989062358682881,0.29893482129916304,2
0.78260021220624765,0.44599235684205241,0.86717491894339715,0.67733908749342864,0.3813519701691519,0.7376001503994124,0.76922601141741609,0.072145503241891507,0.26145328665714096,0.18680178872309583,1
0.071567468426095959,0.58901126652147806,0.099931041963521539,0.62270490699405689,0.36850913833091659,0.2529520011063181,0.036522112360155234,0.99730004465994371,0.59971874525829927,0.18402330966874736,7
0.12304438459767197,0.17125397761976946,0.52697973545643551,0.1566348628322406,0.71341468039553024,0.85227054841806837,0.83079668070390911,0.20816458032269625,0.7393325273427982,0.38222150699097623,1
0.84070067416441896,0.89793933623754596,0.51189895120836404,0.68588335526282329,0.048221039408673727,0.93266263500600222,0.25129830249570528,0.98344159689745714,0.39975187360085196,0.84668982283787708,2
0.16266655678976738,0.75290189389283035,0.62253809915065061,0.40808765067941155,0.00083866554295108919,0.049004853157265993,0.72619773563686862,0.25636443713768331,0.51266382960503754,0.067086302824859723,1
0.31216849148250825,0.69769862815963579,0.59946577291246339,0.87945543428038941,0.91609516165094873,0.77389341918662469,0.36374216099032308,0.058140917321497732,0.92078986619892234,0.47896128493376777,2
0.67029354153688014,0.46203770726928761,0.86939259216584475,0.22651374840275551,0.13417275973858189,0.53705867882586056,0.60466362996265233,0.74386216845056319,0.06819623436725053,0.04220893830062078,2
0.67532473843122842,0.43372778031193038,0.50890376486267441,0.63527137237871567,0.73138126719112984,0.46517234776877969,0.0027988798552768257,0.72109126415581704,0.59454430875677833,0.53405238925405674,4
0.97073539257571573,0.58484261966449536,0.84168864241670505,0.77577195635208607,0.796957061587101,0.41480530808829474,0.32054230932794081,0.94113867761715497,0.65142250582486183,0.40415134115132045,1
0.7837940097782744,0.55036642962840654,0.19104361685567117,0.91162217039124993,0.84758047003873138,0.064083955152444472,0.23234597312890559,0.55395202243461494,0.59682942399534955,0.8448062568621526,2
0.67045061038730036,0.38757470685950279,0.27733518195524087,0.044200629470582897,0.019983419304740901,0.42511244453170804,0.41726683072959914,0.76460451519521921,0.95697949705777829,0.66623641277041012,3
0.32373467828369917,0.076863196351969587,0.030596624854860144,0.11961649907193972,0.26396511973390313,0.14233448663587389,0.31093253263551124,0.57348645548889654,0.5682609257347474,0.20951551806719471,2
0.56789983435978275,0.25960618060781759,0.9144945605221062,0.7696512959219528,0.61454880630669295,0.8416962605745979,0.64880082463752287,0.35243858222366231,0.80460574062269707,0.050574065321887907,1
0.44258572926788142,0.95218120584523691,0.80880934390253301,0.34551846801325159,0.92800332287368392,0.14013288906723464,0.64167251879507747,0.96372570384266487,0.18712839100137746,0.65452619455164596,2
0.24656887327043919,0.58930763413474918,0.48054153759439944,0.30152253183138111,0.10385525772793036,0.022479900194045999,0.69634230375598771,0.53258942916922292,0.19849701165425016,0.41373858372857997,1
0.051961100295624063,0.80733426324620938,0.87768491471262644,0.99642886204596137,0.021062808871102345,0.7418964917628349,0.41884479718812928,0.41132745791810543,0.47497428156918164,0.81026298584864787,0
0.60672290715225674,0.44442855906276957,0.9231948876380931,0.1477422404336356,0.80612398969559385,0.09696314818299745,0.88684480486475714,0.57875611073746447,0.9423030516691957,0.14603219839999426,1
0.96529696088734829,0.59373431471143434,0.29066201841762773,0.11651097194583959,0.058511427108514424,0.8119984871764413,0.89658864047115261,0.94791933145232432,0.98594166920896897,0.4667736676005434,0
0.054972265435417556,0.14776711097964723,0.90993243747049146,0.8823962085999093,0.0069539927584434391,0.28553688684188594,0.62084587470817487,0.38189035718391473,0.27779256730075486,0.40203637651148727,5
0.38700246563551421,0.27220134232477522,0.12767269453929986,0.9479593563077674,0.93251194257691372,0.82728026472755656,0.98092651868669145,0.84493393055852162,0.013265509743052628,0.82688445893021378,0
0.8591808780922463,0.93870806299785237,0.12413887821611913,0.84092492784350104,0.16604244432544835,0.89800239423852546,0.2854665534349613,0.35362893502381387,0.7963542024351109,0.15422656071757956,0
0.10331729749398522,0.46656083348303345,0.28601485763244361,0.85486180237877019,0.49484267578448471,0.45087213391135283,0.21231778131624668,0.32283930022002572,0.91775721555579981,0.57096029113113833,2
0.45683649556645778,0.3864568065791909,0.56691922634606873,0.43670708381849033,0.96192151766215617,0.39139889363647784,0.98009718305520621,0.075209905746400407,0.13817971865784129,0.24909269533190581,4
0.75109977557999674,0.5569497054874013,0.39305735538668618,0.63268100481127088,0.38175066915509126,0.99515391027228517,0.068362620279051489,0.34640238989957639,0.07594122838089945,0.061878254456873227,4
0.16031356233546823,0.31774523968481749,0.46194787773548562,0.72354044991969058,0.84572835508940125,0.48437999609738447,0.9760000647699465,0.90151830073652039,0.12694828623950372,0.40444124697928741,1
0.85817757800549788,0.54896536565530774,0.85724899135853938,0.67097218099883715,0.65893023410776441,0.3852987995582311,0.36449365345227536,0.85309150078674389,0.41372834630707933,0.1142449979499478,2
0.98118669269473568,0.74365857443497219,0.91190948080252487,0.80899508927254293,0.48204029364069523,0.23478615564843686,0.89449012250163429,0.48301182104308504,0.83891652337439115,0.98970908658171253,1
0.77591878185635588,0.35181566964851818,0.64078068750979145,0.81301563671154964,0.066150946801248778,0.47987000379739553,0.44936105468378007,0.20946132568747944,0.91428739293641759,0.93826996717360578,1
0.10467303844017528,0.92214545458380814,0.75130816954440294,0.38652279713566817,0.57591835797132185,0.63261658397607512,0.080248320212348956,0.84176294815049313,0.55455689048414014,0.6316970133168589,0
0.91604171559762015,0.18713258269527189,0.081996198664440745,0.50225789550128841,0.70853409052456418,0.93740787713462237,0.46248391070267425,0.47055340628705844,0.66234303975559561,0.2340578216068252,2
0.44336108000770502,0.32865994656033781,0.75324504363613365,0.94659967110201171,0.83157685336243581,0.99452626083511364,0.51553219354364699,0.093758602166018945,0.057359289315299655,0.015761086955844772,1
0.096332881994598218,0.57220654155838313,0.22352365038187016,0.51667984012308621,0.45969875454201192,0.085197428103774064,0.61155807439886056,0.033474006360499242,0.65009027650225071,0.0032409843809781957,3
0.83486758747843648,0.73839450795362427,0.23471430980082642,0.28245228567072189,0.0072074706085432094,0.39725708533088044,0.13192945241766729,0.31361399648267585,0.083246792525620172,0.33510709752750001,0
0.78299274744646052,0.24324411896488296,0.96362899307209637,0.26139916776263006,0.45145639097531209,0.649902787069226,0.43046545214588994,0.95432412070353345,0.55055941999543323,0.46524368770757529,3
0.93306508980299474,0.2362169109122404,0.93382285532206866,0.029523724670084905,0.0055513829376100388,0.31202059326656451,0.76036085590346991,0.39913141574341326,0.89106240405899906,0.62314343420410057,3
0.27205410032001331,0.19520244373355178,0.63598210566729618,0.41285753168965555,0.8730022292945151,0.63707915130419512,0.21968712989311989,0.06849764486678811,0.73322931395051616,0.96610006115846425,1
0.72766740893752058,0.62358858125016892,0.80452033555830738,0.66600582050032109,0.73480855830108194,0.26333780244352067,0.31058724672916338,0.62326077444000438,0.82326285221898421,0.23804793972186333,3
0.072508812712533066,0.13960968171836374,0.36479764503565226,0.39079779259291081,0.43448007104012942,0.85150964806230145,0.18670313078520517,0.59279493086594803,0.070878594607111545,0.0067823933210219289,2
0.54437081657570707,0.20569282581592452,0.47035126065285748,0.57287193581823526,0.9972387240322812,0.13059975704721238,0.030457554075335458,0.6196955373479317,0.99786283653431485,0.80911898787256087,2
0.50143382057666308,0.88511001571104364,0.40016138335862284,0.94037718949176197,0.36481980153255011,0.40888360456323058,0.1562057201464172,0.46842063058636663,0.46509595342736421,0.39055471635645067,1
0.91169517801141509,0.2136583074084516,0.90235100083345454,0.093455914523895678,0.58250958475542136,0.37287548228042111,0.19240515004933501,0.26222462945257952,0.50601595620897311,0.25441060734205301,1
0.68730371841098492,0.52603662397943896,0.11024232659767852,0.20089616870068927,0.81335201314994399,0.71293330632810303,0.65243474483163089,0.86530063049036321,0.55440426038218027,0.53273470627448638,0
0.11162413574856678,0.76487869099958139,0.42002295281069613,0.8873196839427816,0.12874753029637898,0.076281918635226598,0.22129797844170762,0.27133283733316205,0.77503780678480194,0.65101617889971197,3
0.48624392634445668,0.93341011612923186,0.6484736170112898,0.80526875284130162,0.68731060679609168,0.5593505993382657,0.87962060982824064,0.12589063180917337,0.44445084189579676,0.73552612164051412,0
0.255664463267256,0.013331122710136145,0.1703309211499916,0.23247163995761166,0.5151457560775875,0.7272463337989985,0.067107338456977028,0.1313570197143894,0.17543972404335595,0.33624884934377486,4
0.34309380783856436,0.5527227760439527,0.096203762330675069,0.80388827299146948,0.42671970713331653,0.17499222699165506,0.3211308771041046,0.18763332500987939,0.92753270136113397,0.62523756712469858,2
0.075515825612701204,0.48554566155473522,0.79089048538176399,0.78652020748831686,0.80339087598966674,0.91809994687860141,0.56285168357037485,0.53890177757802804,0.5201052289874899,0.67035082904755461,4
0.14942683295668213,0.61606081724766393,0.65625546100365195,0.27715714069256947,0.49766257435169958,0.67752393164766844,0.14321957002235586,0.11729678048413528,0.45388155078059456,0.52205405796087212,0
0.34200332353448992,0.095758497257338648,0.43949113453827315,0.83290315351762423,0.69101180460895184,0.75530374198416816,0.30512678168950724,0.010638795800434697,0.26961453507611743,0.44240859628365625,0
0.46459966073208625,0.53932821686209254,0.69753314237446384,0.12691064081145709,0.40346839162470216,0.099919701571089425,0.46028299231498593,0.035267427054222367,0.26401589786732282,0.73823944176906364,1
0.35815941660430772,0.43356851802685392,0.61348934795011822,0.8313261782106085,0.68999655254436709,0.37792256134414226,0.057219141234486459,0.25731473947652039,0.97622191562252836,0.35424409112286404,0
0.12268012105926829,0.53383076255557027,0.11775040049246732,0.057806383795258154,0.121860454672856,0.30606304013791341,0.56528617461035791,0.67224076956818635,0.4040573580220963,0.03195876248578422,4
0.90137892327234503,0.60315871214839545,0.19420922590512746,0.78617971283283816,0.88293586287407821,0.91276006933128728,0.56282481355947123,0.3809300196732921,0.77352040727926108,0.72948792166513088,3
0.91534054584896662,0.62943519792587943,0.71424701724229611,0.12293832832174856,0.57136621156374723,0.45236038106246446,0.64786154589908407,0.19288913452211032,0.88140619937301268,0.55180943517420644,0
0.77807856793592689,0.27693899050401538,0.3948161948958363,0.48464707282178177,0.26076863270166772,0.64660228607011927,0.83303785519538498,0.064193777839607002,0.6599160873096952,0.85205657567913484,2
0.76473444486005526,0.60312726470462141,0.87545140308113201,0.9119415743757423,0.25307080526842873,0.22818814905891904,0.31246990600447488,0.85478727842821933,0.10171136384402724,0.49542437441250986,1
0.26046577829519502,0.14494251855685703,0.84761593082327469,0.84623349969540729,0.78442375162293243,0.54476256437302895,0.61532725878667682,0.7220105583602936,0.65155837843789366,0.99538224627126337,2
0.003163021448723824,0.14904983211913048,0.13086187903593127,0.65633778359645512,0.31512984621210194,0.0031193026809839264,0.40909572150995333,0.11623924282402409,0.34259239827222232,0.95187369218228357,3
0.071387737805194473,0.28015514452543799,0.70384109358884972,0.22841043680218787,0.60573602088918199,0.23982782210546572,0.76504073393166505,0.85241530271921384,0.92508893920605029,0.87870237776358051,2
0.54763828762716238,0.94258972033611677,0.14362375723594423,0.34847976361905064,0.99643336610785616,0.90501256305142197,0.96919482096940679,0.051841601747506849,0.088485369246325662,0.57128614231713604,3
0.100445827411064,0.89733646878030227,0.14576478805478232,0.47308207277840919,0.17001886991698012,0.63572621743234969,0.49083067098476951,0.72209775017941846,0.19802970111448226,0.38385221128288094,2
0.26356851001193404,0.63765166084382829,0.54145225272951469,0.59031387842228056,0.45062188889958954,0.97275556838287569,0.50628165236580303,0.50474106772584382,0.74106369865197508,0.77379606797291167,2
0.21550915731678988,0.96489624342087943,0.19960644156891627,0.15778056543256469,0.12168466213998974,0.092733265253619912,0.0024226300814630397,0.38790215747831835,0.12498097446127632,0.25088661025947501,4
0.72845868473265774,0.58135603127569468,0.69290511361184071,0.31378891617639471,0.011293564716373772,0.85344531284475744,0.70810821469984331,0.2350616378179895,0.28737695696030874,0.19024892707055885,0
0.82786109702206934,0.24654589143698336,0.47413803219947981,0.19582963213565729,0.39046608656250137,0.31512672942858377,0.5611470950926698,0.4127044677257905,0.86637459722803101,0.89713602005423443,2
0.77449715567593924,0.13873600113099194,0.89381114916115778,0.58111435563090796,0.095795678701695364,0.77184341140118951,0.53456734029196107,0.76353979046710396,0.4273893334020753,0.99357072958155779,6
0.85671284216286181,0.2882048231963702,0.74371831309603087,0.94588085958059565,0.98530154672387382,0.70036480090082542,0.86326765359401814,0.82874607447885495,0.49021109285240783,0.6960990806619386,2
0.53154009138813785,0.92299211115220281,0.63262140775213627,0.17774086078346041,0.20559500911950102,0.7856137084375221,0.4997497770179693,0.40035813767854178,0.15762242966270745,0.0853166921001971,4
0.78699232150924936,0.63544428753217153,0.14349726951234454,0.95902261758770035,0.65392550277393491,0.75827576277841158,0.83247191330814552,0.6462244378201385,0.16617789711936026,0.19994580052730282,0
0.079606967372633619,0.89080946760861679,0.56858386898006508,0.42988022000013293,0.50634694688858461,0.79980166393499474,0.397292874441319,0.077013790965032358,0.64053154425909153,0.95048126106538899,0
0.96980546209464735,0.10969326582752115,0.28296502561946735,0.75072552378732815,0.72264661275414488,0.17543843966681449,0.48130247135277782,0.71716737173257783,0.98304360777510136,0.31749828758351784,3
0.33855292655431168,0.96658967457695444,0.05018304194978318,0.0010981048666010018,0.12463739511121452,0.75371930433383427,0.77771239381585044,0.61768679301130458,0.52813380153483436,0.46944565753076317,0
0.94831694889646989,0.84298072060158524,0.98839304931214078,0.016611476345713916,0.87724175790938164,0.96639419145212835,0.75019776503345192,0.21114514262798922,0.80737646953429054,0.46265706230146342,0
0.23184330199074299,0.58739086063587997,0.925376436826021,0.45479785665169326,0.87513616341082434,0.59097092689949704,0.62137840605835648,0.62530711369774605,0.68294611756275003,0.69174714431503681,0
0.12578065501796698,0.33131103406514328,0.52846334400873896,0.49728049092613358,0.24052903824188521,0.61811205447192363,0.67445778565742665,0.42301458029076422,0.89050856752326135,0.18802563056187382,3
0.51409352303296318,0.060584595509527772,0.053355749940313335,0.068764748755306138,0.45810376401927311,0.72483631036836405,9.081404248179048e-05,0.45097296182399194,0.24396670950004384,0.37726689479329023,3
0.60787834537696461,0.27742597475624275,0.90641878640484952,0.18702700827287899,0.81665589112326953,0.35199834230860394,0.66194124348813776,0.090887103534570413,0.73086830625993815,0.45379053420227777,2
0.64603636135841191,0.97025588579993916,0.49753719896067672,0.28529794863519031,0.5131222551311958,0.046603909953214728,0.80427874459888327,0.10858281247823753,0.13282366329474726,0.18938889412755211,3
0.34596661294117192,0.56108686408989472,0.12564786767409475,0.14836598902512244,0.31611186006726988,0.33221215333373266,0.62381469871395701,0.14006306905849641,0.39034877951063884,0.028853106367087933,2
0.18778108451331799,0.36907265363850639,0.061172984088878057,0.99832492020704422,0.48795731702125045,0.63160962285159017,0.033303245101590662,0.73995853817843094,0.79954894364077,0.37246784678720246,2
0.69678102380983953,0.050302692364660895,0.44790793204166601,0.51138260411677683,0.25358986842589681,0.98944743216350262,0.21175736153105207,0.70636089243794098,0.59063183984728118,0.67852300998426163,3
0.63401364839253016,0.30678286411122446,0.30036179874954494,0.94019467112265753,0.61660395187842065,0.96250872634133045,0.93328333250502371,0.91260796580296999,0.7098047651272652,0.22781925542214898,1
0.6216566629204755,0.13409747744986411,0.6570174147790413,0.31251963461027499,0.41803608411719007,0.5732039215758894,0.21705613496536447,0.28806071573180392,0.45970301504967581,0.4584508557941408,1
0.90274408689490748,0.28664163277284005,0.81826576595882716,0.59307725974909686,0.84057127025567757,0.3888744813305639,0.38349988921621625,0.45138510612385752,0.25507247619347018,0.46436234730875947,0
0.61997378196536235,0.30254330484295155,0.1729476115231765,0.3771104909104469,0.21989456059328916,0.38074688466262241,0.4052968633040458,0.92900627591427498,0.52321497532668226,0.34982313418304378,0
0.95584796366457314,0.8881278450598642,0.19987041413572448,0.25005695757543178,0.86837621806086429,0.066325103561224674,0.12199595546499042,0.57129734449928904,0.33231607327864865,0.50595806496208473,1
0.8279289272065401,0.52139470455981929,0.64887695783326371,0.72480492376525529,0.898661288321562,0.24935191194409345,0.47871827395294575,0.76581627259105767,0.68252629416512833,0.17714620596329567,0
0.12280528625206044,0.34469078390595043,0.52665571409913925,0.86049090708860876,0.83620347440576126,0.39728881580789976,0.25081665819153232,0.80376169472452774,0.05348455267270702,0.075930669892117053,3
0.14883896768616023,0.061264300744255151,0.10477708498981742,0.26238940187396742,0.079800893731504563,0.32850129034797348,0.81136217347700712,0.86975064883411091,0.41536388674341529,0.59347197141540198,8
0.62091663826047228,0.66890527562614266,0.25753639513485704,0.22052314334277612,0.63124425396219441,0.070563832060357878,0.55774659152384187,0.30235297811738171,0.58246036907130783,0.19430607437245218,2
0.5067125287874723,0.013151977420655325,0.16264497620382079,0.10048732408029115,0.20559493881007262,0.34835489269508002,0.16542345459487284,0.67895746783848743,0.70115937973186948,0.19619415474940827,2
0.60678467350374277,0.58655626733562449,0.5713016215263127,0.76208912455988909,0.87888743893073451,0.89508173579948691,0.014073907468436286,0.87545985993004505,0.40403533002989855,0.11720745914113728,1
0.037781266645229183,0.34753476069713596,0.13776953332075947,0.50789471489323834,0.60521093548264293,0.7196951811761777,0.23576577124491271,0.30338449585471561,0.079027622853064083,0.75948814042365687,0
0.86104550643166422,0.58081454146852174,0.72676280896361489,0.72130104618201829,0.95455825755794732,0.034592294018584102,0.69913050817043565,0.948493045151378,0.96006716880810816,0.15462340900804383,0
0.29699755180807763,0.48176401492304521,0.85478185959059183,0.82168018670411491,0.066729400647117965,0.046173219858909542,0.061686997761294049,0.2520248878042407,0.97357745497466885,0.8887323707657917,3
0.13731171157692612,0.83698625323812947,0.81450592046957948,0.066655254935225283,0.043780309805266371,0.79076855749264507,0.79493248653151405,0.65616744923188353,0.99846327709687432,0.66906015002807029,3
0.28469131517453172,0.59250442787839241,0.34143120590994158,0.37818093492161087,0.78502440081406788,0.020640985924306854,0.55094045397779678,0.72742031960427334,0.2841857435837607,0.4865582410474405,4
0.86093496727396912,0.15304994354260315,0.65204331243880609,0.40884185786743987,0.12313338602194634,0.37738835593180609,0.23923589067945483,0.81475896628016442,0.38526158630205742,0.53782513080046801,0
0.60667147253394083,0.089521572509548841,0.69558514352370016,0.99257716890703274,0.55598865959592425,0.72659161001534334,0.39131300124555357,0.80482616486227321,0.17960135099502317,0.87225536775227297,0
0.4685317439592307,0.20659895125197247,0.31391226478223577,0.40810650813457361,0.32747124217968715,0.69241553471183548,0.1960379417462137,0.13552760407232667,0.39760541121900916,0.4076539963524316,0
0.75948623365596202,0.33604712452106134,0.055601355645750528,0.1735649823976384,0.75615192085797212,0.26715732937781833,0.12971165138571561,0.58037233882076622,0.42053019835175787,0.28412132986557259,2
0.18005272364853586,0.019925241366823387,0.076017098130855443,0.1023322315241092,0.091848306985752859,0.14910840761128741,0.50733954745095622,0.45855041553110276,0.83531624253535786,0.6309285579348658,7
0.20229807109565334,0.97031671708915734,0.38810211428769537,0.37016108663455061,0.17934563337295217,0.24962014760767104,0.030453759645800438,0.81191180567939658,0.12999365014233011,0.61785038101245748,1
0.80540061204556967,0.71001415565569614,0.27612719781797712,0.62947204050054872,0.68534765215918303,0.4623474731365681,0.60477430573913316,0.063917701917851844,0.12244205340844483,0.0017174472973393584,5
0.94583155631425297,0.75582838149000886,0.28885930846729657,0.047861412062858655,0.88958377676563505,0.86463585070294557,0.33107766038950837,0.0043255522794498624,0.29734663146601104,0.87388356158809966,3
0.92648956376701286,0.56727794350323724,0.25419185629020646,0.82852703489006418,0.26825169581892538,0.26181081226833103,0.3391602470952042,0.6709956909765088,0.22027655386091416,0.10665507969295251,1
0.21753048673807496,0.33562950453117157,0.22003337077200424,0.12278671959630816,0.97517500751876318,0.37988249385312844,0.12536550938306756,0.85419356613165309,0.52092879179407114,0.55194088125081053,2
0.94537421855888681,0.34841224359059231,0.25850441408842584,0.098902590449983729,0.50235286437204907,0.11470664462497515,0.42599255979661332,0.19616694138984192,0.84649246670254619,0.060740509945739873,2
0.74633989442925674,0.0030000275685420075,0.069486604548960607,0.63150257802960075,0.7432247491805648,0.44031328312757634,0.10305246752386721,0.40590511851630795,0.93372852923115723,0.23499779154103573,2
0.33596599049100984,0.06751831675436315,0.548299176892586,0.51022024421823808,0.15090060753723777,0.18752385375152225,0.52975397911876432,0.51537769411824985,0.63880321707105048,0.63854919966772927,1
0.56795489179848302,0.90051620052142944,0.87819417282066259,0.59654855165797327,0.62024449852230767,0.1084643569171041,0.7656608638238781,0.37051359791098382,0.093938803515635882,0.57103108681213888,2
0.18475339502751786,0.97880381214452861,0.957627450636097,0.35894035691612036,0.73106738179694664,0.3968843388271529,0.75689240135397373,0.35867067987895673,0.19368678521073113,0.21387228358960586,1
0.9328220154717406,0.31701077574670988,0.1746528728745137,0.53089558374820456,0.10153055933504118,0.26518438983889614,0.70408887823313338,0.13103786609500057,0.8310723477574975,0.15587631011327818,8
0.32706803942503726,0.062841690094007974,0.053957072825640773,0.98298025575318793,0.79985312072963222,0.63949211029420172,0.79709567299898632,0.28366324792175091,0.45577216074635696,0.43851818981248025,1
0.22181052811518476,0.9797027676229465,0.97341201881339123,0.71159992300068109,0.070458300091855608,0.66582232090052151,0.75011328382781539,0.48906565108714872,0.54584769528326726,0.082982882380119194,3
0.12425270640696651,0.45696495680274551,0.20527236168665541,0.08324475394881059,0.96191446809522474,0.61644832925442883,0.42389388905072956,0.40370277937185928,0.066274290783363887,0.48837191880858999,3
0.69997210489824158,0.23560552082988662,0.67572389853986414,0.091855794762315868,0.11875519041223437,0.89533636394637528,0.63461699405105787,0.84353914797122886,0.58314951197170639,0.13854912113417872,2
0.48995899740480076,0.83834540840239091,0.81735651867389425,0.6154905910248748,0.18579784125854981,0.030080412709039606,0.87300080289854576,0.10831752924269522,0.82396086687605774,0.12050441071999451,0
0.094788446557556028,0.953162113725463,0.99061040945556078,0.49119861299180412,0.4888235828529599,0.068812385774243645,0.32155322039162337,0.35223140698560074,0.69979576991575665,0.54713326182834809,2
0.89311629361277201,0.42871970217834854,0.76528882970705481,0.75759134408664486,0.67093039768216545,0.8719086325012354,0.16498024926174637,0.50159174185291799,0.44662297871255829,0.3361487716803645,0
0.9489413614004415,0.3665208991981187,0.76568179100608369,0.82052042488832788,0.66291464166162251,0.26654106672587352,0.43884844382521937,0.17510524220034041,0.35495538719193731,0.48552130787621672,0
0.025372148142056572,0.98609679117475879,0.1655468842811082,0.7711370644605039,0.30034791265607252,0.78843442028906818,0.43584356378529909,0.045455575393749559,0.58957132144220958,0.6088781127941667,1
0.085263900292319117,0.19696415071264739,0.58452580317580871,0.10387832452740242,0.57761024651759441,0.17117995738165181,0.17848859819827101,0.11356398544578483,0.71701575549524477,0.46175798559695291,1
0.3372996423419804,0.22176184882737315,0.57496236009327861,0.92410471331426136,0.94080356276079768,0.75534444304857395,0.27506471966804691,0.39241170927987079,0.8130959662331525,0.58860342551914135,1
0.94103745482386492,0.49654756301166758,0.29246627489966326,0.85604601501014677,0.97804768138790521,0.21636165730977763,0.9090096751312996,0.89023414448238536,0.3645552761086801,0.82526412956748407,2
0.39241579800945792,0.78425901848637614,0.20196604496299764,0.84509245594249172,0.42655111684112079,0.97825915205774239,0.44476596446727967,0.56773477739657929,0.96143494258845896,0.011377034569300726,0
0.0032956422337484526,0.64561143796507681,0.92773706660549404,0.40243200170337978,0.9107169432682729,0.84321463726426737,0.067439101940296897,0.46630438602008517,0.79401482982390792,0.30009003248977184,0
0.86363692793629365,0.27551581575174955,0.93836792553307702,0.60319292835755223,0.72034694856865833,0.82760276158818447,0.19949006942813707,0.17865119346570402,0.10567520783339857,0.095694828210993399,1
0.10563556540054653,0.29708988775842937,0.89472883765483158,0.42744319031399347,0.97139357660963233,0.75095016983953788,0.91634028035661408,0.62473190083948793,0.50563922450473353,0.93870091374097719,1
0.27984660564771213,0.045562644531901064,0.86277966814177376,0.037381648421294655,0.82106714868864328,0.44717701029675394,0.13108429591793069,0.17454889990949607,0.69079469256314308,0.68856967104040745,4
0.041051558284380452,0.053071917465504437,0.7209681037522826,0.84455089412691386,0.44278149983784842,0.24622680554437981,0.084132993506836451,0.59364405895596617,0.67430746456101109,0.86248871073190136,1
0.23695986073890418,0.81103032145588672,0.63749230901117748,0.33268846527658325,0.65189685727034474,0.68262477198971472,0.06482514778650128,0.93045962374436275,0.6048969466231644,0.25762903984128127,3
0.4311993569003324,0.63097621529067316,0.61350536375532183,0.19128403344659528,0.6754531091223317,0.84689585087534358,0.52299983198249089,0.42947206984753616,0.40508285559385715,0.98598532090320301,1
0.057653680191570467,0.15797162229621453,0.23300252075174355,0.07258495835154477,0.61043918168350242,0.010600200252776304,0.71509134992530132,0.26404579013438079,0.99802025632665525,0.42635415793167952,3
0.97439954739460799,0.19927974032301521,0.84266621671241726,0.76888273581004529,0.80892804671539764,0.37028621262973138,0.034337742717986064,0.57556700505736147,0.3005574763728911,0.016795891325680046,1
0.20737010768518016,0.52359187952149844,0.038373204422171625,0.18140863973508392,0.0424519925499518,0.47922975899490983,0.88220777955433471,0.22540413896972256,0.30549534086591912,0.34432192251983373,1
0.84972486421928883,0.90443922698692691,0.77364364321530144,0.63203781495394962,0.38182566603137902,0.48112270942350677,0.33872492717294911,0.63728364318487085,0.44832121844627382,0.012421760685545236,4
0.55920677681964048,0.50585136304762546,0.69312178489816245,0.97461848731879208,0.8627810453299688,0.54003140807805083,0.014678014659150973,0.40686560318383758,0.66717799196459859,0.15627194974817538,3
0.53551732077713088,0.67843153999508343,0.37340031904457927,0.80802755765186984,0.50013657058884753,0.22404821244180595,0.33804108266941135,0.21006467740972778,0.7490912865800442,0.28155121081595014,1
0.47179366659278654,0.68734987291828709,0.041250584019964176,0.099088927672404736,0.097133633890398308,0.12965817422930415,0.97855188909781832,0.6954552236646282,0.83062904520050329,0.5300313149503596,2
0.052356377880844573,0.31552454936587981,0.066239467346526859,0.9023643407199371,0.57872864469784513,0.98071997066975125,0.29392970332158497,0.47340757770740949,0.23742334752356298,0.039386396929773526,0
0.79085564688081522,0.59967674816692829,0.70460237444706553,0.33856024608448365,0.14190341947812779,0.42822003241810691,0.33865437371133533,0.60770306480077729,0.097850221554271255,0.86186488647955839,0
0.36910196222065872,0.43737379686079692,0.77799063824720238,0.49159384103758175,0.63828084524963946,0.64182466086960432,0.95498355788158207,0.88288611965029906,0.54554623869950691,0.20071381598807658,0
0.98467030606329253,0.92276037246944642,0.63072459413146131,0.88131035307917849,0.55688680376409827,0.55951918815285218,0.57437399658673483,0.38129450301226764,0.65591193755809629,0.78584213550404391,1
0.026402763634470139,0.1467360790154455,0.16205189458503344,0.096643549727340239,0.77345501504100056,0.099464695172699735,0.36036421696562204,0.43302726771005096,0.14133476994974492,0.81502642559362626,5
0.43788873900022762,0.46373931468437912,0.67381769074556008,0.76130709148761644,0.88544137953456159,0.0082495269613500621,0.61632283471963611,0.17366020507090596,0.80795848562914119,0.63788848290310907,3
0.0042014925760901489,0.91801236604118097,0.047337546819425591,0.54988663754329403,0.69588566123423901,0.3986328381402553,0.17565184783293153,0.98441571411671125,0.94592363083438802,0.24707153857515685,2
0.3622931933108291,0.31165319126770308,0.32764811277628125,0.56644042514302118,0.20974007003036754,0.92775542763246732,0.11413257644858832,0.038952319902082255,0.73264288294827595,0.69432232351532397,1
0.56626998026552999,0.31504175238777199,0.75904007387163874,0.9609529266029313,0.8551113955313896,0.99534490241295015,0.52898911620118161,0.93002155487178695,0.84632896302935423,0.45402550774403494,0
0.82442609577938608,0.31632721174690892,0.97966239857623938,0.42404845009299652,0.53052449197395302,0.76626507823148526,0.95339160873698436,0.39999717157860326,0.53331377581537776,0.16698131945506944,1
0.67535382048530845,0.14324509563189569,0.99024999526768531,0.023657054598374083,0.64346162085364411,0.47560188285794369,0.25860581733306531,0.24670414783953809,0.39015070722633804,0.43024368088717868,1
0.80541289540605254,0.39712873966835605,0.010274163869755326,0.017835666815485762,0.19307542575826386,0.33488184650121966,0.88098389034995972,0.92025002711630033,0.56691328818996556,0.54912396730399637,1
0.36103996647171765,0.73728559089149293,0.85933126914973956,0.6343244464771669,0.48627336378693242,0.78131197488051318,0.88718748740857423,0.46555351063859063,0.53549314707719897,0.10527943327465028,0
0.92207523218332765,0.27768281630997305,0.67759713304833957,0.38762370299402027,0.75689263165330056,0.88313239197845095,0.5605941548814497,0.72108270075520275,0.77912247564807346,0.80945117858220605,0
0.91408523819611665,0.1465531858717436,0.47986542655565645,0.89844569513177841,0.64120787219673281,0.27821676293821695,0.81118402569731152,0.43262010093481562,0.75440222395380463,0.25267103041046468,0
0.47582901143683187,0.9236830473500286,0.91194009326029912,0.20333066581314363,0.48286108557269847,0.30456592777075053,0.3045364484679397,0.1566588521926322,0.72501857866147823,0.3800442978678843,0
0.45270308015936944,0.51995413955582037,0.17045071767127518,0.77976933257504433,0.64020957409844625,0.60036722834691003,0.18183323606936508,0.61069106605222334,0.99795441515649108,0.19685313155680806,1
0.9632283929897234,0.94963801458917008,0.14322089504954305,0.74136665080212671,0.39563497387324897,0.21793050836474415,0.14873607692276702,0.96711095398293412,0.21323248412862805,0.2403276576558212,0
0.54461561145473347,0.26096394056285532,0.69665891481843245,0.19343877022517453,0.18922363125304109,0.5167695918154438,0.94137045409011844,0.13196429879732041,0.19861141444238062,0.44056216062050435,1
0.59310898548381052,0.047940519209972443,0.13792166019294216,0.47584324125321764,0.15722481178490555,0.78151406491970066,0.35562950246999991,0.73778630769345444,0.35700439396300676,0.68919869071069118,2
0.96494290915835179,0.35756103827849228,0.44167367666258273,0.98760407821044216,0.93642204628674086,0.9453373622297877,0.67235281841141392,0.94076916357823093,0.98208078546293798,0.97786711064945386,0
0.18899819762740144,0.0021280499024987076,0.23047457071210686,0.24417253449570331,0.66579018928571598,0.23186443580856775,0.83300326523971335,0.71120382864148801,0.079351326139721845,0.27360024792905224,1
0.45345481410830302,0.2795050767724887,0.38489560159747727,0.31689607204174286,0.6091185676743287,0.42610868845817229,0.63344861459817958,0.4077295209921743,0.48820407108472341,0.83325374662025942,2
0.098729135920336941,0.64887825780628694,0.99227743321182704,0.83129060044216985,0.95687797015469533,0.75494513907988958,0.90903367169549099,0.62191351674118223,0.96508062871206124,0.6841992474087677,2
0.68059917343494603,0.98407083558421105,0.83848061103366589,0.62335300548666939,0.041506629634666559,0.35021440216229083,0.14217937936006364,0.026423969268074776,0.12373373116141406,0.065075650013958319,6
0.35344987717956666,0.42716787587181948,0.38270814690826083,0.89385746872223959,0.89213481216915469,0.86517918277105199,0.45249310634803264,0.13401720602728151,0.23172794108092865,0.27391653564543172,1
0.47141801360541025,0.56806437323363923,0.99536452076198001,0.58837084993751732,0.79149284952114507,0.86867999958555342,0.69161914810130909,0.1864015033076486,0.62405003406349246,0.86491856136094158,2
0.12462913300453671,0.16111476159252525,0.53107591321462144,0.83323517614611387,0.1904517183727843,0.15827492925241016,0.56141459915523251,0.55678416866334202,0.38288653461822053,0.86339574657641449,1
0.65905985734440686,0.062374353888970724,0.78711005150580038,0.85303667631035895,0.84492203530029775,0.48779591957431956,0.82869823988887192,0.0069724627759366609,0.93751698932263527,0.73966817719180378,0
0.1113607445094541,0.82806485793862816,0.89219849093521164,0.96942820463938961,0.16876010885033388,0.4709095785256987,0.27002414495481086,0.68253154918321146,0.30140222293284846,0.7158438782240496,0
0.7535114105194809,0.84873977489300012,0.86881196219635359,0.61188203834072163,0.50896961937688256,0.83916257659589488,0.67383005356800851,0.89529644458406654,0.93146863697643589,0.2968635284722646,1
0.695802714284394,0.12844270566104721,0.64448754724188395,0.43742194398089074,0.67393720410566538,0.68964961458285645,0.04199553073032547,0.079452738816689461,0.71318523067484663,0.69961297444504633,0
0.82030890298362735,0.1661157679664903,0.35312362967628075,0.7688793803131998,0.73288719249956458,0.18823661482395682,0.86742126267349529,0.75737347998352766,0.23890936656533746,0.76328889108548392,4
0.85727844022445809,0.80885815233507385,0.02068860813808393,0.28394995384797228,0.94216590850304249,0.87450950883912859,0.28143208866090941,0.35906810605732153,0.7555603225563271,0.097464588267437424,1
0.90139008280983257,0.051079176808722315,0.14738051174651068,0.31816931807083948,0.069153251031239593,0.5573981873832824,0.1177204154675755,0.89728903092278989,0.18125153424607965,0.32969242558892342,2
